province,temp_max,temp_min,precipitation,humidity,cloud,weather_type,date
Ben Tre,31,24,1.3,77,28,Rain,1/1/2020
Ben Tre,31,24,1.6,75,23,Rain,1/2/2020
Ben Tre,31,24,0.0,72,33,Sunny,1/3/2020
Ben Tre,31,24,1.5,73,45,Rain,1/4/2020
Ben Tre,31,24,0.0,75,16,Sunny,1/5/2020
Ben Tre,31,24,0.4,71,26,Rain,1/6/2020
Ben Tre,31,24,0.0,72,26,Sunny,1/7/2020
Ben Tre,31,24,0.0,72,14,Sunny,1/8/2020
Ben Tre,31,24,0.0,72,7,Sunny,1/9/2020
Ben Tre,31,24,0.0,74,14,Sunny,1/10/2020
Ben Tre,31,24,6.3,76,46,Drizzle,1/11/2020
Ben Tre,32,24,0.0,76,27,Sunny,1/12/2020
Ben Tre,34,24,0.0,73,30,Sunny,1/13/2020
Ben Tre,33,25,2.1,76,48,Rain,1/14/2020
Ben Tre,29,25,10.0,86,78,Drizzle,1/15/2020
Ben Tre,29,24,0.6,84,69,Rain,1/16/2020
Ben Tre,31,24,0.0,71,21,Sunny,1/17/2020
Ben Tre,31,25,0.1,68,39,Rain,1/18/2020
Ben Tre,32,25,0.0,69,37,Sunny,1/19/2020
Ben Tre,30,25,1.4,70,62,Rain,1/20/2020
Ben Tre,32,24,2.9,73,35,Rain,1/21/2020
Ben Tre,30,24,0.0,71,42,Sunny,1/22/2020
Ben Tre,32,23,0.0,66,23,Sunny,1/23/2020
Ben Tre,32,24,0.0,68,63,Sunny,1/24/2020
Ben Tre,33,25,0.8,71,35,Rain,1/25/2020
Ben Tre,31,25,0.5,70,34,Rain,1/26/2020
Ben Tre,31,22,0.0,64,15,Sunny,1/27/2020
Ben Tre,32,23,0.0,64,13,Sunny,1/28/2020
Ben Tre,31,23,0.0,71,27,Sunny,1/29/2020
Ben Tre,32,23,0.0,71,20,Sunny,1/30/2020
Ben Tre,33,22,0.0,68,22,Sunny,1/31/2020
Ben Tre,34,23,0.2,70,39,Rain,2/1/2020
Ben Tre,33,24,1.5,75,52,Rain,2/2/2020
Ben Tre,32,24,1.5,77,30,Rain,2/3/2020
Ben Tre,33,24,2.8,74,28,Rain,2/4/2020
Ben Tre,32,24,3.4,76,40,Rain,2/5/2020
Ben Tre,32,23,0.2,74,29,Rain,2/6/2020
Ben Tre,33,23,0.0,69,30,Sunny,2/7/2020
Ben Tre,35,22,0.0,71,16,Sunny,2/8/2020
Ben Tre,33,23,0.0,71,20,Sunny,2/9/2020
Ben Tre,33,23,0.0,69,19,Sunny,2/10/2020
Ben Tre,33,23,0.0,61,8,Sunny,2/11/2020
Ben Tre,32,22,0.0,56,14,Sunny,2/12/2020
Ben Tre,33,22,0.0,57,6,Sunny,2/13/2020
Ben Tre,32,22,0.0,58,20,Sunny,2/14/2020
Ben Tre,32,23,0.0,58,33,Sunny,2/15/2020
Ben Tre,33,22,0.0,59,11,Sunny,2/16/2020
Ben Tre,32,23,0.0,64,50,Sunny,2/17/2020
Ben Tre,33,23,0.0,66,30,Sunny,2/18/2020
Ben Tre,34,23,0.4,66,36,Rain,2/19/2020
Ben Tre,31,24,0.0,72,51,Sunny,2/20/2020
Ben Tre,34,24,0.6,72,32,Rain,2/21/2020
Ben Tre,35,25,0.0,69,30,Sunny,2/22/2020
Ben Tre,35,25,0.0,70,15,Sunny,2/23/2020
Ben Tre,35,25,0.0,67,17,Sunny,2/24/2020
Ben Tre,35,25,3.7,65,26,Rain,2/25/2020
Ben Tre,33,25,3.4,68,46,Rain,2/26/2020
Ben Tre,34,25,0.0,61,29,Sunny,2/27/2020
Ben Tre,34,25,0.0,59,16,Sunny,2/28/2020
Ben Tre,35,25,0.2,57,27,Rain,3/1/2020
Ben Tre,34,25,3.6,60,27,Rain,3/2/2020
Ben Tre,34,24,0.0,59,13,Sunny,3/3/2020
Ben Tre,34,24,0.0,64,8,Sunny,3/4/2020
Ben Tre,34,24,0.0,69,9,Sunny,3/5/2020
Ben Tre,34,23,0.0,71,27,Sunny,3/6/2020
Ben Tre,34,24,0.0,66,24,Sunny,3/7/2020
Ben Tre,34,23,0.0,66,15,Sunny,3/8/2020
Ben Tre,34,24,0.0,65,13,Sunny,3/9/2020
Ben Tre,35,23,0.0,65,7,Sunny,3/10/2020
Ben Tre,35,24,0.0,67,7,Sunny,3/11/2020
Ben Tre,36,24,0.0,65,10,Sunny,3/12/2020
Ben Tre,35,25,0.0,62,32,Sunny,3/13/2020
Ben Tre,36,26,1.9,58,26,Rain,3/14/2020
Ben Tre,36,26,0.0,64,19,Sunny,3/15/2020
Ben Tre,35,26,2.1,68,38,Rain,3/16/2020
Ben Tre,34,26,1.5,69,35,Rain,3/17/2020
Ben Tre,34,25,0.0,68,19,Sunny,3/18/2020
Ben Tre,35,26,4.5,67,20,Rain,3/19/2020
Ben Tre,35,26,0.0,67,32,Sunny,3/20/2020
Ben Tre,35,25,3.2,70,50,Rain,3/21/2020
Ben Tre,33,26,1.0,69,60,Rain,3/22/2020
Ben Tre,35,25,0.0,67,13,Sunny,3/23/2020
Ben Tre,35,25,0.0,67,21,Sunny,3/24/2020
Ben Tre,36,27,0.8,65,21,Rain,3/25/2020
Ben Tre,37,26,0.0,60,6,Sunny,3/26/2020
Ben Tre,36,26,0.0,56,13,Sunny,3/27/2020
Ben Tre,36,27,0.0,57,27,Sunny,3/28/2020
Ben Tre,36,27,0.0,61,27,Sunny,3/29/2020
Ben Tre,37,27,0.0,59,31,Sunny,3/30/2020
Ben Tre,36,27,2.5,63,38,Rain,3/31/2020
Ben Tre,36,26,9.4,67,34,Drizzle,4/1/2020
Ben Tre,34,26,3.9,67,41,Rain,4/2/2020
Ben Tre,33,27,7.1,67,44,Drizzle,4/3/2020
Ben Tre,34,26,0.0,64,31,Sunny,4/4/2020
Ben Tre,34,26,0.8,65,39,Rain,4/5/2020
Ben Tre,35,27,1.8,62,42,Rain,4/6/2020
Ben Tre,35,27,0.0,66,19,Sunny,4/7/2020
Ben Tre,36,27,0.0,66,26,Sunny,4/8/2020
Ben Tre,36,27,1.1,67,16,Rain,4/9/2020
Ben Tre,36,27,1.1,69,26,Rain,4/10/2020
Ben Tre,38,26,0.0,65,15,Sunny,4/11/2020
Ben Tre,38,27,0.0,64,8,Sunny,4/12/2020
Ben Tre,36,27,0.0,64,13,Sunny,4/13/2020
Ben Tre,36,26,0.0,60,5,Sunny,4/14/2020
Ben Tre,36,26,0.0,62,10,Sunny,4/15/2020
Ben Tre,36,26,0.0,65,18,Sunny,4/16/2020
Ben Tre,36,26,0.1,66,36,Rain,4/17/2020
Ben Tre,38,27,3.2,64,36,Rain,4/18/2020
Ben Tre,38,28,0.0,60,18,Sunny,4/19/2020
Ben Tre,38,28,0.0,60,12,Sunny,4/20/2020
Ben Tre,39,28,0.0,59,17,Sunny,4/21/2020
Ben Tre,41,29,2.2,57,13,Rain,4/22/2020
Ben Tre,37,29,11.3,63,27,Drizzle,4/23/2020
Ben Tre,36,28,5.7,63,22,Drizzle,4/24/2020
Ben Tre,35,27,6.1,66,22,Drizzle,4/25/2020
Ben Tre,36,28,1.8,64,29,Rain,4/26/2020
Ben Tre,36,28,2.2,64,32,Rain,4/27/2020
Ben Tre,35,28,2.2,64,18,Rain,4/28/2020
Ben Tre,34,27,4.5,66,35,Rain,4/29/2020
Ben Tre,33,28,5.8,70,31,Drizzle,4/30/2020
Ben Tre,35,27,2.2,68,41,Rain,5/1/2020
Ben Tre,35,28,2.3,66,48,Rain,5/2/2020
Ben Tre,35,28,1.6,66,52,Rain,5/3/2020
Ben Tre,35,28,8.9,68,51,Drizzle,5/4/2020
Ben Tre,37,28,5.7,66,32,Drizzle,5/5/2020
Ben Tre,35,28,1.4,66,26,Rain,5/6/2020
Ben Tre,32,27,6.0,74,43,Drizzle,5/7/2020
Ben Tre,35,27,5.6,68,48,Drizzle,5/8/2020
Ben Tre,34,27,3.6,69,49,Rain,5/9/2020
Ben Tre,32,27,4.4,72,52,Rain,5/10/2020
Ben Tre,34,27,1.2,66,45,Rain,5/11/2020
Ben Tre,36,28,0.0,63,25,Sunny,5/12/2020
Ben Tre,35,28,2.0,64,37,Rain,5/13/2020
Ben Tre,36,28,4.0,62,51,Rain,5/14/2020
Ben Tre,34,28,14.2,71,48,Drizzle,5/15/2020
Ben Tre,32,28,6.9,76,38,Drizzle,5/16/2020
Ben Tre,36,27,0.8,69,45,Rain,5/17/2020
Ben Tre,35,28,10.6,71,39,Drizzle,5/18/2020
Ben Tre,35,28,9.0,76,39,Drizzle,5/19/2020
Ben Tre,35,27,13.1,76,34,Drizzle,5/20/2020
Ben Tre,34,27,17.3,79,39,Drizzle,5/21/2020
Ben Tre,33,27,18.3,80,24,Drizzle,5/22/2020
Ben Tre,34,27,10.6,78,37,Drizzle,5/23/2020
Ben Tre,34,27,11.1,78,34,Drizzle,5/24/2020
Ben Tre,34,27,6.5,78,34,Drizzle,5/25/2020
Ben Tre,35,27,5.4,75,50,Drizzle,5/26/2020
Ben Tre,32,27,11.6,82,68,Drizzle,5/27/2020
Ben Tre,33,27,11.4,80,56,Drizzle,5/28/2020
Ben Tre,32,26,11.3,81,60,Drizzle,5/29/2020
Ben Tre,34,27,13.3,77,39,Drizzle,5/30/2020
Ben Tre,33,27,8.0,78,32,Drizzle,5/31/2020
Ben Tre,34,27,5.4,77,37,Drizzle,6/1/2020
Ben Tre,32,27,5.8,82,31,Drizzle,6/2/2020
Ben Tre,33,26,4.8,78,19,Rain,6/3/2020
Ben Tre,33,26,13.2,81,54,Drizzle,6/4/2020
Ben Tre,31,26,3.7,84,75,Rain,6/5/2020
Ben Tre,32,26,9.9,82,59,Drizzle,6/6/2020
Ben Tre,31,26,4.5,81,68,Rain,6/7/2020
Ben Tre,32,26,10.8,80,56,Drizzle,6/8/2020
Ben Tre,33,26,3.6,79,46,Rain,6/9/2020
Ben Tre,34,26,3.4,79,53,Rain,6/10/2020
Ben Tre,31,26,2.9,84,48,Rain,6/11/2020
Ben Tre,34,26,0.0,73,34,Sunny,6/12/2020
Ben Tre,34,27,1.0,77,41,Rain,6/13/2020
Ben Tre,32,26,1.6,80,43,Rain,6/14/2020
Ben Tre,34,26,2.2,71,31,Rain,6/15/2020
Ben Tre,34,27,4.5,72,25,Rain,6/16/2020
Ben Tre,33,26,2.0,75,31,Rain,6/17/2020
Ben Tre,33,26,1.6,75,34,Rain,6/18/2020
Ben Tre,34,26,3.0,74,30,Rain,6/19/2020
Ben Tre,32,26,0.2,74,55,Rain,6/20/2020
Ben Tre,33,26,5.1,76,62,Drizzle,6/21/2020
Ben Tre,28,26,4.6,88,81,Rain,6/22/2020
Ben Tre,31,24,1.0,79,58,Rain,6/23/2020
Ben Tre,32,25,6.3,78,51,Drizzle,6/24/2020
Ben Tre,31,25,1.3,78,59,Rain,6/25/2020
Ben Tre,33,25,7.2,76,31,Drizzle,6/26/2020
Ben Tre,32,25,6.7,80,37,Drizzle,6/27/2020
Ben Tre,32,26,13.1,81,35,Drizzle,6/28/2020
Ben Tre,33,26,4.7,80,23,Rain,6/29/2020
Ben Tre,32,26,4.3,81,41,Rain,6/30/2020
Ben Tre,33,26,3.1,80,49,Rain,7/1/2020
Ben Tre,34,26,0.9,77,31,Rain,7/2/2020
Ben Tre,33,26,4.7,78,26,Rain,7/3/2020
Ben Tre,33,26,1.8,78,45,Rain,7/4/2020
Ben Tre,33,26,4.8,78,65,Rain,7/5/2020
Ben Tre,33,26,4.3,77,46,Rain,7/6/2020
Ben Tre,33,26,7.3,77,50,Drizzle,7/7/2020
Ben Tre,34,26,2.3,75,32,Rain,7/8/2020
Ben Tre,34,25,1.3,73,26,Rain,7/9/2020
Ben Tre,34,26,2.4,75,45,Rain,7/10/2020
Ben Tre,33,26,3.2,79,47,Rain,7/11/2020
Ben Tre,32,25,6.5,81,50,Drizzle,7/12/2020
Ben Tre,31,25,4.5,83,67,Rain,7/13/2020
Ben Tre,31,25,4.8,84,68,Rain,7/14/2020
Ben Tre,27,25,0.5,86,64,Rain,7/15/2020
Ben Tre,29,25,0.1,81,65,Rain,7/16/2020
Ben Tre,29,25,4.1,88,58,Rain,7/17/2020
Ben Tre,32,25,10.3,85,55,Drizzle,7/18/2020
Ben Tre,25,24,28.8,95,82,Drizzle,7/19/2020
Ben Tre,30,24,9.4,87,54,Drizzle,7/20/2020
Ben Tre,31,24,5.1,85,59,Drizzle,7/21/2020
Ben Tre,31,25,6.5,83,46,Drizzle,7/22/2020
Ben Tre,31,25,6.7,83,46,Drizzle,7/23/2020
Ben Tre,31,25,10.3,83,41,Drizzle,7/24/2020
Ben Tre,26,25,12.7,91,70,Drizzle,7/25/2020
Ben Tre,30,24,3.5,87,51,Rain,7/26/2020
Ben Tre,30,25,3.3,86,49,Rain,7/27/2020
Ben Tre,32,25,2.6,81,34,Rain,7/28/2020
Ben Tre,31,26,6.2,82,22,Drizzle,7/29/2020
Ben Tre,31,26,8.0,84,34,Drizzle,7/30/2020
Ben Tre,32,26,4.3,81,26,Rain,7/31/2020
Ben Tre,33,26,7.7,80,24,Drizzle,8/1/2020
Ben Tre,32,26,6.9,81,40,Drizzle,8/2/2020
Ben Tre,32,26,9.6,83,30,Drizzle,8/3/2020
Ben Tre,31,26,6.6,84,38,Drizzle,8/4/2020
Ben Tre,30,26,11.2,87,71,Drizzle,8/5/2020
Ben Tre,32,26,7.0,83,35,Drizzle,8/6/2020
Ben Tre,34,26,2.0,78,40,Rain,8/7/2020
Ben Tre,35,26,10.4,80,27,Drizzle,8/8/2020
Ben Tre,34,26,13.5,82,22,Drizzle,8/9/2020
Ben Tre,35,26,3.0,78,28,Rain,8/10/2020
Ben Tre,33,26,9.7,81,19,Drizzle,8/11/2020
Ben Tre,36,26,7.5,78,33,Drizzle,8/12/2020
Ben Tre,34,26,15.5,80,28,Drizzle,8/13/2020
Ben Tre,34,26,13.0,80,35,Drizzle,8/14/2020
Ben Tre,33,26,11.9,82,37,Drizzle,8/15/2020
Ben Tre,30,25,21.4,87,68,Drizzle,8/16/2020
Ben Tre,29,25,9.0,88,66,Drizzle,8/17/2020
Ben Tre,28,25,12.9,91,82,Drizzle,8/18/2020
Ben Tre,30,24,7.6,84,52,Drizzle,8/19/2020
Ben Tre,30,25,12.8,85,36,Drizzle,8/20/2020
Ben Tre,33,25,7.0,80,48,Drizzle,8/21/2020
Ben Tre,31,26,22.4,84,63,Drizzle,8/22/2020
Ben Tre,29,25,27.8,90,68,Drizzle,8/23/2020
Ben Tre,31,25,8.8,86,59,Drizzle,8/24/2020
Ben Tre,31,25,11.0,86,43,Drizzle,8/25/2020
Ben Tre,27,25,6.7,92,78,Drizzle,8/26/2020
Ben Tre,28,24,8.1,92,67,Drizzle,8/27/2020
Ben Tre,31,25,8.8,86,32,Drizzle,8/28/2020
Ben Tre,31,25,7.5,84,23,Drizzle,8/29/2020
Ben Tre,33,26,11.2,81,25,Drizzle,8/30/2020
Ben Tre,33,25,8.1,82,56,Drizzle,8/31/2020
Ben Tre,34,26,0.8,78,38,Rain,9/1/2020
Ben Tre,34,26,6.4,78,51,Drizzle,9/2/2020
Ben Tre,35,26,1.1,76,34,Rain,9/3/2020
Ben Tre,34,26,7.1,80,26,Drizzle,9/4/2020
Ben Tre,34,26,2.4,79,34,Rain,9/5/2020
Ben Tre,34,27,6.8,79,21,Drizzle,9/6/2020
Ben Tre,35,27,4.9,77,29,Rain,9/7/2020
Ben Tre,36,27,0.1,74,26,Rain,9/8/2020
Ben Tre,35,27,0.3,72,34,Rain,9/9/2020
Ben Tre,36,27,0.8,69,19,Rain,9/10/2020
Ben Tre,34,27,8.1,76,31,Drizzle,9/11/2020
Ben Tre,35,26,0.7,72,32,Rain,9/12/2020
Ben Tre,34,27,10.5,76,28,Drizzle,9/13/2020
Ben Tre,32,26,8.4,81,37,Drizzle,9/14/2020
Ben Tre,31,26,11.0,85,38,Drizzle,9/15/2020
Ben Tre,30,26,11.0,84,35,Drizzle,9/16/2020
Ben Tre,34,26,4.4,77,30,Rain,9/17/2020
Ben Tre,34,26,4.8,76,31,Rain,9/18/2020
Ben Tre,31,27,10.0,83,42,Drizzle,9/19/2020
Ben Tre,33,26,18.1,80,26,Drizzle,9/20/2020
Ben Tre,30,26,20.3,87,68,Drizzle,9/21/2020
Ben Tre,27,25,19.6,92,69,Drizzle,9/22/2020
Ben Tre,30,25,9.6,88,54,Drizzle,9/23/2020
Ben Tre,28,25,8.5,90,49,Drizzle,9/24/2020
Ben Tre,31,25,9.6,87,60,Drizzle,9/25/2020
Ben Tre,31,25,13.3,84,48,Drizzle,9/26/2020
Ben Tre,33,26,11.4,83,45,Drizzle,9/27/2020
Ben Tre,33,26,9.0,84,65,Drizzle,9/28/2020
Ben Tre,32,26,13.2,83,26,Drizzle,9/29/2020
Ben Tre,32,26,13.7,82,39,Drizzle,9/30/2020
Ben Tre,32,26,14.9,85,54,Drizzle,10/1/2020
Ben Tre,28,25,15.0,90,88,Drizzle,10/2/2020
Ben Tre,26,24,4.0,95,69,Rain,10/3/2020
Ben Tre,32,24,7.7,83,30,Drizzle,10/4/2020
Ben Tre,33,25,6.6,79,30,Drizzle,10/5/2020
Ben Tre,27,26,0.1,89,28,Rain,10/6/2020
Ben Tre,34,25,7.3,78,36,Drizzle,10/7/2020
Ben Tre,33,26,12.9,77,23,Drizzle,10/8/2020
Ben Tre,34,26,5.6,79,38,Drizzle,10/9/2020
Ben Tre,34,26,4.8,80,43,Rain,10/10/2020
Ben Tre,32,26,3.4,81,28,Rain,10/11/2020
Ben Tre,35,26,10.0,79,32,Drizzle,10/12/2020
Ben Tre,32,26,16.3,84,35,Drizzle,10/13/2020
Ben Tre,30,25,14.1,89,60,Drizzle,10/14/2020
Ben Tre,28,25,4.2,89,81,Rain,10/15/2020
Ben Tre,32,25,6.5,83,42,Drizzle,10/16/2020
Ben Tre,31,26,10.7,86,63,Drizzle,10/17/2020
Ben Tre,31,25,10.4,86,71,Drizzle,10/18/2020
Ben Tre,31,25,13.3,86,66,Drizzle,10/19/2020
Ben Tre,34,25,6.4,82,49,Drizzle,10/20/2020
Ben Tre,33,26,10.2,83,38,Drizzle,10/21/2020
Ben Tre,31,26,6.3,83,33,Drizzle,10/22/2020
Ben Tre,29,25,5.5,87,55,Drizzle,10/23/2020
Ben Tre,31,25,4.8,81,60,Rain,10/24/2020
Ben Tre,34,25,1.5,77,37,Rain,10/25/2020
Ben Tre,33,25,0.2,76,39,Rain,10/26/2020
Ben Tre,34,25,9.9,79,63,Drizzle,10/27/2020
Ben Tre,34,25,7.6,81,41,Drizzle,10/28/2020
Ben Tre,30,25,0.4,83,47,Rain,10/29/2020
Ben Tre,34,25,0.1,76,19,Rain,10/30/2020
Ben Tre,29,24,5.6,82,57,Drizzle,10/31/2020
Ben Tre,26,24,13.6,94,85,Drizzle,11/1/2020
Ben Tre,29,24,11.9,88,52,Drizzle,11/2/2020
Ben Tre,33,24,0.2,75,13,Rain,11/3/2020
Ben Tre,29,24,0.3,76,53,Rain,11/4/2020
Ben Tre,30,24,7.3,85,63,Drizzle,11/5/2020
Ben Tre,34,25,1.1,77,44,Rain,11/6/2020
Ben Tre,32,25,6.6,82,50,Drizzle,11/7/2020
Ben Tre,33,26,3.1,78,24,Rain,11/8/2020
Ben Tre,33,25,2.9,78,21,Rain,11/9/2020
Ben Tre,32,25,7.1,82,36,Drizzle,11/10/2020
Ben Tre,31,25,5.2,81,44,Drizzle,11/11/2020
Ben Tre,32,26,11.6,82,25,Drizzle,11/12/2020
Ben Tre,32,25,7.8,83,35,Drizzle,11/13/2020
Ben Tre,33,26,6.1,80,22,Drizzle,11/14/2020
Ben Tre,31,25,11.0,81,35,Drizzle,11/15/2020
Ben Tre,32,26,2.3,80,25,Rain,11/16/2020
Ben Tre,34,26,1.5,78,15,Rain,11/17/2020
Ben Tre,33,26,3.0,81,36,Rain,11/18/2020
Ben Tre,27,25,10.7,91,74,Drizzle,11/19/2020
Ben Tre,31,24,0.2,84,55,Rain,11/20/2020
Ben Tre,33,25,0.0,80,17,Sunny,11/21/2020
Ben Tre,33,26,0.1,75,16,Rain,11/22/2020
Ben Tre,33,27,0.0,76,17,Sunny,11/23/2020
Ben Tre,34,26,0.2,75,21,Rain,11/24/2020
Ben Tre,33,25,0.8,75,26,Rain,11/25/2020
Ben Tre,33,25,0.7,72,27,Rain,11/26/2020
Ben Tre,34,26,0.0,69,23,Sunny,11/27/2020
Ben Tre,32,26,0.9,74,34,Rain,11/28/2020
Ben Tre,28,24,5.4,86,59,Drizzle,11/29/2020
Ben Tre,33,25,0.0,72,10,Sunny,11/30/2020
Ben Tre,34,25,0.1,70,28,Rain,12/1/2020
Ben Tre,32,25,5.6,77,49,Drizzle,12/2/2020
Ben Tre,33,25,8.2,79,42,Drizzle,12/3/2020
Ben Tre,30,26,8.0,81,40,Drizzle,12/4/2020
Ben Tre,33,25,5.5,77,35,Drizzle,12/5/2020
Ben Tre,33,25,0.0,74,19,Sunny,12/6/2020
Ben Tre,34,25,1.8,75,20,Rain,12/7/2020
Ben Tre,30,25,0.0,78,35,Sunny,12/8/2020
Ben Tre,32,23,0.0,72,40,Sunny,12/9/2020
Ben Tre,33,24,0.0,73,15,Sunny,12/10/2020
Ben Tre,33,24,0.0,72,6,Sunny,12/11/2020
Ben Tre,31,24,0.7,79,37,Rain,12/12/2020
Ben Tre,31,24,2.4,82,49,Rain,12/13/2020
Ben Tre,33,24,3.8,82,37,Rain,12/14/2020
Ben Tre,34,24,2.7,79,33,Rain,12/15/2020
Ben Tre,32,24,5.0,78,30,Rain,12/16/2020
Ben Tre,32,23,0.2,70,26,Rain,12/17/2020
Ben Tre,31,21,0.1,61,5,Rain,12/18/2020
Ben Tre,30,20,0.0,60,50,Sunny,12/19/2020
Ben Tre,25,21,0.0,58,67,Sunny,12/20/2020
Ben Tre,26,20,0.9,72,80,Rain,12/21/2020
Ben Tre,32,22,3.1,72,69,Rain,12/22/2020
Ben Tre,34,24,0.0,73,24,Sunny,12/23/2020
Ben Tre,33,24,0.0,70,14,Sunny,12/24/2020
Ben Tre,21,20,20.8,80,73,Drizzle,12/25/2020
Ben Tre,29,22,9.0,84,59,Drizzle,12/26/2020
Ben Tre,28,24,11.2,84,46,Drizzle,12/27/2020
Ben Tre,32,24,2.7,78,36,Rain,12/28/2020
Ben Tre,32,25,0.0,74,34,Sunny,12/29/2020
Ben Tre,33,25,0.0,71,17,Sunny,12/30/2020
Ben Tre,32,24,0.0,65,11,Sunny,12/31/2020
Ben Tre,32,23,0.0,65,24,Sunny,1/1/2021
Ben Tre,33,23,0.0,68,8,Sunny,1/2/2021
Ben Tre,33,24,0.0,71,15,Sunny,1/3/2021
Ben Tre,35,24,0.0,73,25,Sunny,1/4/2021
Ben Tre,32,25,0.2,77,44,Rain,1/5/2021
Ben Tre,31,25,0.0,79,30,Sunny,1/6/2021
Ben Tre,33,25,0.2,77,31,Rain,1/7/2021
Ben Tre,33,26,0.2,75,29,Rain,1/8/2021
Ben Tre,33,25,0.0,77,23,Sunny,1/9/2021
Ben Tre,32,25,6.3,74,52,Drizzle,1/10/2021
Ben Tre,35,24,0.0,64,18,Sunny,1/11/2021
Ben Tre,33,23,0.0,61,16,Sunny,1/12/2021
Ben Tre,32,22,0.0,61,15,Sunny,1/13/2021
Ben Tre,32,23,0.0,64,62,Sunny,1/14/2021
Ben Tre,34,24,0.2,69,52,Rain,1/15/2021
Ben Tre,31,24,4.8,75,50,Rain,1/16/2021
Ben Tre,28,24,1.8,81,53,Rain,1/17/2021
Ben Tre,34,23,2.1,73,44,Rain,1/18/2021
Ben Tre,31,24,5.8,77,60,Drizzle,1/19/2021
Ben Tre,33,25,0.0,71,22,Sunny,1/20/2021
Ben Tre,34,25,6.9,72,40,Drizzle,1/21/2021
Ben Tre,32,25,9.6,80,62,Drizzle,1/22/2021
Ben Tre,32,24,0.8,76,42,Rain,1/23/2021
Ben Tre,32,25,6.7,74,42,Drizzle,1/24/2021
Ben Tre,33,25,0.3,71,29,Rain,1/25/2021
Ben Tre,33,24,2.7,72,30,Rain,1/26/2021
Ben Tre,33,25,2.7,72,30,Rain,1/27/2021
Ben Tre,32,25,4.4,78,52,Rain,1/28/2021
Ben Tre,33,25,0.5,75,43,Rain,1/29/2021
Ben Tre,34,25,1.4,75,43,Rain,1/30/2021
Ben Tre,33,25,1.8,71,33,Rain,1/31/2021
Ben Tre,34,25,0.4,66,29,Rain,2/1/2021
Ben Tre,32,24,0.0,65,36,Sunny,2/2/2021
Ben Tre,34,24,0.0,63,25,Sunny,2/3/2021
Ben Tre,34,24,0.0,59,6,Sunny,2/4/2021
Ben Tre,33,24,0.0,59,8,Sunny,2/5/2021
Ben Tre,32,22,0.0,58,10,Sunny,2/6/2021
Ben Tre,31,24,0.0,64,7,Sunny,2/7/2021
Ben Tre,32,22,0.0,65,8,Sunny,2/8/2021
Ben Tre,34,22,0.0,69,4,Sunny,2/9/2021
Ben Tre,31,22,0.0,74,31,Sunny,2/10/2021
Ben Tre,31,22,0.1,72,48,Rain,2/11/2021
Ben Tre,35,23,0.0,62,12,Sunny,2/12/2021
Ben Tre,34,23,0.0,59,22,Sunny,2/13/2021
Ben Tre,36,23,0.0,62,11,Sunny,2/14/2021
Ben Tre,36,23,0.0,67,15,Sunny,2/15/2021
Ben Tre,37,23,0.0,72,28,Sunny,2/16/2021
Ben Tre,33,24,0.0,70,19,Sunny,2/17/2021
Ben Tre,32,25,2.8,71,47,Rain,2/18/2021
Ben Tre,33,26,0.0,66,13,Sunny,2/19/2021
Ben Tre,34,25,0.0,64,13,Sunny,2/20/2021
Ben Tre,34,24,0.0,68,21,Sunny,2/21/2021
Ben Tre,35,25,0.0,64,24,Sunny,2/22/2021
Ben Tre,35,26,0.0,60,18,Sunny,2/23/2021
Ben Tre,36,26,0.0,56,3,Sunny,2/24/2021
Ben Tre,36,25,0.0,61,14,Sunny,2/25/2021
Ben Tre,36,25,0.0,58,9,Sunny,2/26/2021
Ben Tre,34,25,0.0,60,31,Sunny,2/27/2021
Ben Tre,36,26,0.0,61,34,Sunny,2/28/2021
Ben Tre,34,26,1.3,67,47,Rain,3/1/2021
Ben Tre,34,25,0.1,71,33,Rain,3/2/2021
Ben Tre,34,25,0.0,71,28,Sunny,3/3/2021
Ben Tre,36,25,0.0,68,22,Sunny,3/4/2021
Ben Tre,35,26,0.0,68,28,Sunny,3/5/2021
Ben Tre,36,25,0.0,66,14,Sunny,3/6/2021
Ben Tre,36,27,0.0,60,6,Sunny,3/7/2021
Ben Tre,36,26,0.0,60,10,Sunny,3/8/2021
Ben Tre,36,26,0.0,56,12,Sunny,3/9/2021
Ben Tre,36,26,0.0,54,17,Sunny,3/10/2021
Ben Tre,36,26,0.0,54,11,Sunny,3/11/2021
Ben Tre,37,25,0.0,56,14,Sunny,3/12/2021
Ben Tre,36,26,0.0,59,30,Sunny,3/13/2021
Ben Tre,34,25,0.0,68,34,Sunny,3/14/2021
Ben Tre,34,25,1.5,70,46,Rain,3/15/2021
Ben Tre,34,25,9.4,70,34,Drizzle,3/16/2021
Ben Tre,34,26,0.2,66,24,Rain,3/17/2021
Ben Tre,35,26,0.0,64,14,Sunny,3/18/2021
Ben Tre,36,26,0.0,67,25,Sunny,3/19/2021
Ben Tre,36,26,0.0,68,23,Sunny,3/20/2021
Ben Tre,34,26,0.6,67,37,Rain,3/21/2021
Ben Tre,33,26,10.0,69,49,Drizzle,3/22/2021
Ben Tre,34,25,0.0,60,35,Sunny,3/23/2021
Ben Tre,36,25,0.0,56,10,Sunny,3/24/2021
Ben Tre,35,26,0.0,62,22,Sunny,3/25/2021
Ben Tre,36,26,0.0,61,17,Sunny,3/26/2021
Ben Tre,37,25,0.0,57,16,Sunny,3/27/2021
Ben Tre,35,26,0.0,62,22,Sunny,3/28/2021
Ben Tre,33,25,0.0,64,27,Sunny,3/29/2021
Ben Tre,32,25,0.1,71,47,Rain,3/30/2021
Ben Tre,34,25,0.1,65,50,Rain,3/31/2021
Ben Tre,35,25,0.0,61,29,Sunny,4/1/2021
Ben Tre,34,24,0.0,60,22,Sunny,4/2/2021
Ben Tre,33,25,0.0,64,25,Sunny,4/3/2021
Ben Tre,34,25,0.0,64,32,Sunny,4/4/2021
Ben Tre,32,25,0.2,72,49,Rain,4/5/2021
Ben Tre,33,25,0.7,70,44,Rain,4/6/2021
Ben Tre,35,26,1.6,59,21,Rain,4/7/2021
Ben Tre,33,26,0.0,56,46,Sunny,4/8/2021
Ben Tre,36,25,0.0,54,11,Sunny,4/9/2021
Ben Tre,36,27,0.0,61,27,Sunny,4/10/2021
Ben Tre,36,27,0.0,66,27,Sunny,4/11/2021
Ben Tre,37,27,0.0,65,41,Sunny,4/12/2021
Ben Tre,37,27,0.0,66,31,Sunny,4/13/2021
Ben Tre,36,27,0.0,67,35,Sunny,4/14/2021
Ben Tre,35,27,0.1,68,54,Rain,4/15/2021
Ben Tre,37,27,0.3,61,23,Rain,4/16/2021
Ben Tre,37,28,0.1,59,35,Rain,4/17/2021
Ben Tre,36,28,0.5,62,41,Rain,4/18/2021
Ben Tre,35,27,0.0,61,42,Sunny,4/19/2021
Ben Tre,36,27,0.0,61,26,Sunny,4/20/2021
Ben Tre,35,27,0.3,64,40,Rain,4/21/2021
Ben Tre,37,27,0.0,62,29,Sunny,4/22/2021
Ben Tre,37,27,0.6,62,29,Rain,4/23/2021
Ben Tre,38,28,1.8,59,27,Rain,4/24/2021
Ben Tre,38,28,0.2,60,15,Rain,4/25/2021
Ben Tre,36,28,0.1,65,20,Rain,4/26/2021
Ben Tre,36,28,0.0,63,28,Sunny,4/27/2021
Ben Tre,36,28,1.5,62,22,Rain,4/28/2021
Ben Tre,35,28,4.6,66,29,Rain,4/29/2021
Ben Tre,35,28,3.1,66,27,Rain,4/30/2021
Ben Tre,36,28,0.3,63,30,Rain,5/1/2021
Ben Tre,37,27,0.7,61,30,Rain,5/2/2021
Ben Tre,35,28,1.2,60,55,Rain,5/3/2021
Ben Tre,34,28,8.4,66,33,Drizzle,5/4/2021
Ben Tre,33,28,8.0,70,59,Drizzle,5/5/2021
Ben Tre,36,27,3.5,66,54,Rain,5/6/2021
Ben Tre,35,28,4.0,65,42,Rain,5/7/2021
Ben Tre,36,28,14.7,68,31,Drizzle,5/8/2021
Ben Tre,34,28,7.4,71,31,Drizzle,5/9/2021
Ben Tre,35,27,0.8,68,35,Rain,5/10/2021
Ben Tre,37,28,0.0,63,19,Sunny,5/11/2021
Ben Tre,35,28,3.7,65,22,Rain,5/12/2021
Ben Tre,33,27,5.3,71,30,Drizzle,5/13/2021
Ben Tre,36,28,0.7,65,29,Rain,5/14/2021
Ben Tre,35,28,0.8,65,21,Rain,5/15/2021
Ben Tre,36,28,5.1,66,21,Drizzle,5/16/2021
Ben Tre,35,28,0.9,68,21,Rain,5/17/2021
Ben Tre,36,28,4.1,65,29,Rain,5/18/2021
Ben Tre,35,28,2.6,66,46,Rain,5/19/2021
Ben Tre,35,28,5.2,68,45,Drizzle,5/20/2021
Ben Tre,35,28,0.1,68,38,Rain,5/21/2021
Ben Tre,33,27,6.7,71,55,Drizzle,5/22/2021
Ben Tre,34,27,0.3,68,66,Rain,5/23/2021
Ben Tre,34,27,16.9,73,64,Drizzle,5/24/2021
Ben Tre,37,27,0.0,65,31,Sunny,5/25/2021
Ben Tre,36,29,0.8,64,34,Rain,5/26/2021
Ben Tre,36,28,1.3,65,46,Rain,5/27/2021
Ben Tre,36,29,1.2,66,22,Rain,5/28/2021
Ben Tre,34,28,8.7,72,37,Drizzle,5/29/2021
Ben Tre,36,27,1.9,68,30,Rain,5/30/2021
Ben Tre,35,28,9.8,69,30,Drizzle,5/31/2021
Ben Tre,35,27,9.8,71,42,Drizzle,6/1/2021
Ben Tre,28,26,10.1,87,89,Drizzle,6/2/2021
Ben Tre,32,25,7.1,78,65,Drizzle,6/3/2021
Ben Tre,31,25,1.3,78,40,Rain,6/4/2021
Ben Tre,33,26,12.2,78,38,Drizzle,6/5/2021
Ben Tre,32,26,12.4,81,31,Drizzle,6/6/2021
Ben Tre,33,26,8.1,79,29,Drizzle,6/7/2021
Ben Tre,32,26,0.6,76,52,Rain,6/8/2021
Ben Tre,31,25,4.7,80,80,Rain,6/9/2021
Ben Tre,30,26,0.3,82,66,Rain,6/10/2021
Ben Tre,32,25,7.4,80,67,Drizzle,6/11/2021
Ben Tre,34,25,0.0,75,52,Sunny,6/12/2021
Ben Tre,32,26,0.2,79,44,Rain,6/13/2021
Ben Tre,34,26,0.2,76,62,Rain,6/14/2021
Ben Tre,32,27,9.7,75,47,Drizzle,6/15/2021
Ben Tre,29,26,4.3,80,66,Rain,6/16/2021
Ben Tre,29,25,9.1,87,73,Drizzle,6/17/2021
Ben Tre,28,25,14.5,90,77,Drizzle,6/18/2021
Ben Tre,29,25,10.5,88,67,Drizzle,6/19/2021
Ben Tre,31,25,6.9,83,43,Drizzle,6/20/2021
Ben Tre,34,26,2.0,79,20,Rain,6/21/2021
Ben Tre,34,26,8.2,79,22,Drizzle,6/22/2021
Ben Tre,35,26,8.8,79,28,Drizzle,6/23/2021
Ben Tre,33,26,10.1,81,48,Drizzle,6/24/2021
Ben Tre,34,26,6.9,80,32,Drizzle,6/25/2021
Ben Tre,33,26,11.6,81,28,Drizzle,6/26/2021
Ben Tre,34,25,3.8,75,45,Rain,6/27/2021
Ben Tre,35,26,1.2,75,32,Rain,6/28/2021
Ben Tre,34,25,2.1,77,29,Rain,6/29/2021
Ben Tre,34,26,3.1,77,27,Rain,6/30/2021
Ben Tre,34,26,5.9,79,21,Drizzle,7/1/2021
Ben Tre,33,26,13.0,81,19,Drizzle,7/2/2021
Ben Tre,32,25,14.8,81,25,Drizzle,7/3/2021
Ben Tre,32,25,7.6,79,39,Drizzle,7/4/2021
Ben Tre,31,25,5.5,79,32,Drizzle,7/5/2021
Ben Tre,31,25,6.8,80,31,Drizzle,7/6/2021
Ben Tre,31,25,5.3,80,65,Drizzle,7/7/2021
Ben Tre,32,25,18.5,81,58,Drizzle,7/8/2021
Ben Tre,32,25,5.3,81,26,Drizzle,7/9/2021
Ben Tre,30,25,13.2,85,53,Drizzle,7/10/2021
Ben Tre,29,25,14.3,90,71,Drizzle,7/11/2021
Ben Tre,28,24,8.2,88,67,Drizzle,7/12/2021
Ben Tre,29,25,10.6,87,56,Drizzle,7/13/2021
Ben Tre,29,25,5.9,88,65,Drizzle,7/14/2021
Ben Tre,28,25,4.1,86,69,Rain,7/15/2021
Ben Tre,29,25,5.8,86,58,Drizzle,7/16/2021
Ben Tre,29,25,2.5,87,69,Rain,7/17/2021
Ben Tre,28,25,17.1,91,69,Drizzle,7/18/2021
Ben Tre,31,25,3.5,84,57,Rain,7/19/2021
Ben Tre,31,26,8.9,86,52,Drizzle,7/20/2021
Ben Tre,31,25,9.0,85,49,Drizzle,7/21/2021
Ben Tre,31,26,5.8,81,42,Drizzle,7/22/2021
Ben Tre,31,26,2.4,80,36,Rain,7/23/2021
Ben Tre,31,26,5.6,81,32,Drizzle,7/24/2021
Ben Tre,31,26,7.2,82,30,Drizzle,7/25/2021
Ben Tre,31,25,11.5,83,19,Drizzle,7/26/2021
Ben Tre,32,25,9.0,84,20,Drizzle,7/27/2021
Ben Tre,31,25,6.7,84,33,Drizzle,7/28/2021
Ben Tre,31,25,7.4,83,57,Drizzle,7/29/2021
Ben Tre,30,25,14.8,86,44,Drizzle,7/30/2021
Ben Tre,33,25,2.4,77,34,Rain,7/31/2021
Ben Tre,34,26,0.0,72,22,Sunny,8/1/2021
Ben Tre,31,26,9.7,78,35,Drizzle,8/2/2021
Ben Tre,32,25,4.0,77,41,Rain,8/3/2021
Ben Tre,31,25,7.7,80,55,Drizzle,8/4/2021
Ben Tre,31,25,15.4,85,62,Drizzle,8/5/2021
Ben Tre,29,25,16.6,87,78,Drizzle,8/6/2021
Ben Tre,30,25,16.0,88,82,Drizzle,8/7/2021
Ben Tre,27,25,18.9,91,65,Drizzle,8/8/2021
Ben Tre,25,24,18.9,92,65,Drizzle,8/9/2021
Ben Tre,29,24,7.6,86,42,Drizzle,8/10/2021
Ben Tre,30,25,2.2,81,32,Rain,8/11/2021
Ben Tre,31,25,2.5,78,35,Rain,8/12/2021
Ben Tre,32,25,3.7,79,52,Rain,8/13/2021
Ben Tre,30,25,8.9,84,55,Drizzle,8/14/2021
Ben Tre,31,25,6.8,83,55,Drizzle,8/15/2021
Ben Tre,31,25,3.2,80,42,Rain,8/16/2021
Ben Tre,31,25,13.7,83,46,Drizzle,8/17/2021
Ben Tre,30,25,18.6,86,57,Drizzle,8/18/2021
Ben Tre,28,25,7.2,90,75,Drizzle,8/19/2021
Ben Tre,31,25,7.2,85,47,Drizzle,8/20/2021
Ben Tre,30,25,15.8,87,33,Drizzle,8/21/2021
Ben Tre,31,25,11.2,85,25,Drizzle,8/22/2021
Ben Tre,31,25,8.3,85,28,Drizzle,8/23/2021
Ben Tre,32,26,5.3,84,28,Drizzle,8/24/2021
Ben Tre,32,25,6.1,81,25,Drizzle,8/25/2021
Ben Tre,31,25,7.2,81,38,Drizzle,8/26/2021
Ben Tre,29,25,7.8,85,36,Drizzle,8/27/2021
Ben Tre,32,25,3.2,80,27,Rain,8/28/2021
Ben Tre,33,25,1.9,76,16,Rain,8/29/2021
Ben Tre,34,26,0.0,73,16,Sunny,8/30/2021
Ben Tre,32,26,6.4,78,22,Drizzle,8/31/2021
Ben Tre,32,25,7.5,80,24,Drizzle,9/1/2021
Ben Tre,33,25,7.0,78,36,Drizzle,9/2/2021
Ben Tre,29,25,10.7,87,67,Drizzle,9/3/2021
Ben Tre,31,25,5.5,84,55,Drizzle,9/4/2021
Ben Tre,32,25,2.4,77,51,Rain,9/5/2021
Ben Tre,32,26,7.0,78,34,Drizzle,9/6/2021
Ben Tre,32,26,20.3,82,42,Drizzle,9/7/2021
Ben Tre,30,25,15.4,86,55,Drizzle,9/8/2021
Ben Tre,31,25,14.1,85,35,Drizzle,9/9/2021
Ben Tre,33,25,14.5,82,29,Drizzle,9/10/2021
Ben Tre,34,26,6.8,78,35,Drizzle,9/11/2021
Ben Tre,31,26,17.4,83,59,Drizzle,9/12/2021
Ben Tre,31,25,9.5,85,47,Drizzle,9/13/2021
Ben Tre,30,25,14.9,87,58,Drizzle,9/14/2021
Ben Tre,30,25,15.0,86,44,Drizzle,9/15/2021
Ben Tre,29,25,11.3,88,55,Drizzle,9/16/2021
Ben Tre,29,25,7.8,88,72,Drizzle,9/17/2021
Ben Tre,28,25,7.4,90,61,Drizzle,9/18/2021
Ben Tre,32,24,8.8,83,39,Drizzle,9/19/2021
Ben Tre,33,26,9.2,79,27,Drizzle,9/20/2021
Ben Tre,32,26,10.0,80,24,Drizzle,9/21/2021
Ben Tre,31,26,25.3,84,29,Drizzle,9/22/2021
Ben Tre,32,25,0.4,79,46,Rain,9/23/2021
Ben Tre,32,26,4.3,77,72,Rain,9/24/2021
Ben Tre,32,26,5.8,79,29,Drizzle,9/25/2021
Ben Tre,34,25,0.7,75,35,Rain,9/26/2021
Ben Tre,33,26,7.6,77,27,Drizzle,9/27/2021
Ben Tre,33,26,3.3,81,18,Rain,9/28/2021
Ben Tre,34,26,4.7,79,28,Rain,9/29/2021
Ben Tre,32,26,1.9,79,29,Rain,9/30/2021
Ben Tre,35,26,2.3,75,34,Rain,10/1/2021
Ben Tre,31,26,4.2,81,60,Rain,10/2/2021
Ben Tre,32,25,4.7,81,65,Rain,10/3/2021
Ben Tre,32,26,12.2,82,59,Drizzle,10/4/2021
Ben Tre,27,25,9.0,91,67,Drizzle,10/5/2021
Ben Tre,32,26,10.0,79,37,Drizzle,10/6/2021
Ben Tre,33,26,10.2,78,26,Drizzle,10/7/2021
Ben Tre,33,26,1.1,74,13,Rain,10/8/2021
Ben Tre,34,26,0.0,73,15,Sunny,10/9/2021
Ben Tre,34,26,1.2,76,24,Rain,10/10/2021
Ben Tre,35,26,0.1,71,23,Rain,10/11/2021
Ben Tre,33,26,0.5,72,26,Rain,10/12/2021
Ben Tre,34,26,1.5,73,25,Rain,10/13/2021
Ben Tre,33,26,4.6,77,26,Rain,10/14/2021
Ben Tre,31,26,4.9,79,25,Rain,10/15/2021
Ben Tre,33,26,9.2,78,21,Drizzle,10/16/2021
Ben Tre,34,26,3.5,75,36,Rain,10/17/2021
Ben Tre,33,26,15.1,79,38,Drizzle,10/18/2021
Ben Tre,28,25,11.2,87,55,Drizzle,10/19/2021
Ben Tre,31,25,5.8,83,51,Drizzle,10/20/2021
Ben Tre,32,26,9.2,82,27,Drizzle,10/21/2021
Ben Tre,33,26,0.4,77,27,Rain,10/22/2021
Ben Tre,33,27,7.2,77,29,Drizzle,10/23/2021
Ben Tre,31,26,35.8,85,23,Drizzle,10/24/2021
Ben Tre,32,25,14.0,82,18,Drizzle,10/25/2021
Ben Tre,34,26,1.8,77,15,Rain,10/26/2021
Ben Tre,33,26,0.8,77,22,Rain,10/27/2021
Ben Tre,35,26,2.4,75,23,Rain,10/28/2021
Ben Tre,35,26,1.0,75,23,Rain,10/29/2021
Ben Tre,32,26,0.1,73,19,Rain,10/30/2021
Ben Tre,34,26,0.0,65,15,Sunny,10/31/2021
Ben Tre,33,23,0.0,67,25,Sunny,11/1/2021
Ben Tre,34,25,0.0,69,25,Sunny,11/2/2021
Ben Tre,34,26,0.2,70,36,Rain,11/3/2021
Ben Tre,33,26,4.2,76,26,Rain,11/4/2021
Ben Tre,35,26,0.4,75,24,Rain,11/5/2021
Ben Tre,35,26,0.8,73,25,Rain,11/6/2021
Ben Tre,30,26,1.8,80,65,Rain,11/7/2021
Ben Tre,31,26,3.6,76,46,Rain,11/8/2021
Ben Tre,33,26,0.0,72,14,Sunny,11/9/2021
Ben Tre,34,26,0.0,68,9,Sunny,11/10/2021
Ben Tre,34,26,0.0,69,12,Sunny,11/11/2021
Ben Tre,33,26,6.4,75,26,Drizzle,11/12/2021
Ben Tre,34,26,4.3,75,21,Rain,11/13/2021
Ben Tre,32,26,2.5,76,22,Rain,11/14/2021
Ben Tre,34,26,0.1,72,22,Rain,11/15/2021
Ben Tre,34,26,4.7,74,23,Rain,11/16/2021
Ben Tre,34,26,1.3,76,39,Rain,11/17/2021
Ben Tre,32,25,1.5,78,42,Rain,11/18/2021
Ben Tre,29,24,9.6,84,41,Drizzle,11/19/2021
Ben Tre,32,25,3.0,79,19,Rain,11/20/2021
Ben Tre,33,25,0.3,76,19,Rain,11/21/2021
Ben Tre,38,25,0.0,72,14,Sunny,11/22/2021
Ben Tre,33,25,0.0,70,18,Sunny,11/23/2021
Ben Tre,29,25,4.3,73,47,Rain,11/24/2021
Ben Tre,26,24,43.7,85,62,Drizzle,11/25/2021
Ben Tre,28,23,4.6,87,90,Rain,11/26/2021
Ben Tre,31,24,3.2,84,33,Rain,11/27/2021
Ben Tre,32,25,0.0,79,19,Sunny,11/28/2021
Ben Tre,33,25,0.4,73,10,Rain,11/29/2021
Ben Tre,33,25,0.0,71,14,Sunny,11/30/2021
Ben Tre,32,26,0.3,73,20,Rain,12/1/2021
Ben Tre,33,26,0.0,72,8,Sunny,12/2/2021
Ben Tre,33,26,0.0,70,19,Sunny,12/3/2021
Ben Tre,33,26,0.0,71,12,Sunny,12/4/2021
Ben Tre,34,26,0.0,66,9,Sunny,12/5/2021
Ben Tre,33,25,0.1,71,22,Rain,12/6/2021
Ben Tre,34,26,0.8,72,33,Rain,12/7/2021
Ben Tre,33,26,1.0,67,29,Rain,12/8/2021
Ben Tre,33,26,0.0,70,21,Sunny,12/9/2021
Ben Tre,33,26,0.4,71,20,Rain,12/10/2021
Ben Tre,33,25,0.0,69,21,Sunny,12/11/2021
Ben Tre,34,26,0.0,66,16,Sunny,12/12/2021
Ben Tre,34,25,0.1,67,31,Rain,12/13/2021
Ben Tre,34,26,0.0,64,16,Sunny,12/14/2021
Ben Tre,31,26,5.9,73,29,Drizzle,12/15/2021
Ben Tre,33,25,0.2,71,36,Rain,12/16/2021
Ben Tre,32,25,2.6,74,42,Rain,12/17/2021
Ben Tre,33,24,0.0,72,20,Sunny,12/18/2021
Ben Tre,33,26,0.0,70,30,Sunny,12/19/2021
Ben Tre,33,25,0.9,74,39,Rain,12/20/2021
Ben Tre,34,25,0.4,76,35,Rain,12/21/2021
Ben Tre,34,25,0.6,74,28,Rain,12/22/2021
Ben Tre,33,25,6.5,76,49,Drizzle,12/23/2021
Ben Tre,34,25,2.8,74,43,Rain,12/24/2021
Ben Tre,34,25,4.9,77,46,Rain,12/25/2021
Ben Tre,33,25,5.2,77,50,Drizzle,12/26/2021
Ben Tre,31,25,18.2,85,67,Drizzle,12/27/2021
Ben Tre,26,24,4.9,92,70,Rain,12/28/2021
Ben Tre,32,23,5.0,82,59,Rain,12/29/2021
Ben Tre,32,25,0.9,78,55,Rain,12/30/2021
Ben Tre,32,23,0.3,67,25,Rain,12/31/2021
Ben Tre,28,23,2.3,70,51,Rain,1/1/2022
Ben Tre,24,22,15.3,88,78,Drizzle,1/2/2022
Ben Tre,28,23,8.4,83,63,Drizzle,1/3/2022
Ben Tre,30,25,2.2,78,37,Rain,1/4/2022
Ben Tre,31,25,0.1,75,20,Rain,1/5/2022
Ben Tre,32,25,0.0,70,15,Sunny,1/6/2022
Ben Tre,32,25,0.0,64,4,Sunny,1/7/2022
Ben Tre,30,25,0.4,70,30,Rain,1/8/2022
Ben Tre,33,25,0.0,67,18,Sunny,1/9/2022
Ben Tre,32,25,0.0,67,20,Sunny,1/10/2022
Ben Tre,33,24,0.0,67,42,Sunny,1/11/2022
Ben Tre,34,25,0.3,65,42,Rain,1/12/2022
Ben Tre,34,25,1.9,63,24,Rain,1/13/2022
Ben Tre,36,24,0.0,63,15,Sunny,1/14/2022
Ben Tre,35,25,0.0,67,41,Sunny,1/15/2022
Ben Tre,33,25,0.0,64,43,Sunny,1/16/2022
Ben Tre,33,26,0.0,61,24,Sunny,1/17/2022
Ben Tre,33,25,0.0,58,12,Sunny,1/18/2022
Ben Tre,34,24,0.0,59,15,Sunny,1/19/2022
Ben Tre,36,25,0.0,63,18,Sunny,1/20/2022
Ben Tre,34,25,0.0,65,35,Sunny,1/21/2022
Ben Tre,34,25,0.0,67,20,Sunny,1/22/2022
Ben Tre,34,24,0.0,63,11,Sunny,1/23/2022
Ben Tre,34,24,0.0,62,6,Sunny,1/24/2022
Ben Tre,33,24,0.0,59,4,Sunny,1/25/2022
Ben Tre,35,23,0.0,66,9,Sunny,1/26/2022
Ben Tre,35,23,0.0,61,15,Sunny,1/27/2022
Ben Tre,34,24,0.0,62,18,Sunny,1/28/2022
Ben Tre,34,25,0.0,62,23,Sunny,1/29/2022
Ben Tre,34,25,0.0,59,16,Sunny,1/30/2022
Ben Tre,33,24,0.0,60,36,Sunny,1/31/2022
Ben Tre,33,25,0.0,61,32,Sunny,2/1/2022
Ben Tre,34,26,0.0,60,40,Sunny,2/2/2022
Ben Tre,33,25,0.0,68,39,Sunny,2/3/2022
Ben Tre,32,25,0.0,68,34,Sunny,2/4/2022
Ben Tre,33,24,0.0,70,50,Sunny,2/5/2022
Ben Tre,33,25,0.0,71,16,Sunny,2/6/2022
Ben Tre,34,24,0.0,73,15,Sunny,2/7/2022
Ben Tre,36,24,0.0,74,13,Sunny,2/8/2022
Ben Tre,35,24,0.0,73,15,Sunny,2/9/2022
Ben Tre,33,24,0.0,66,9,Sunny,2/10/2022
Ben Tre,34,24,0.0,61,8,Sunny,2/11/2022
Ben Tre,34,26,0.0,58,16,Sunny,2/12/2022
Ben Tre,34,26,0.0,57,7,Sunny,2/13/2022
Ben Tre,34,25,0.0,60,10,Sunny,2/14/2022
Ben Tre,34,24,0.0,56,8,Sunny,2/15/2022
Ben Tre,35,26,0.0,64,4,Sunny,2/16/2022
Ben Tre,34,25,0.0,71,21,Sunny,2/17/2022
Ben Tre,33,24,0.6,75,26,Rain,2/18/2022
Ben Tre,34,24,0.1,72,26,Rain,2/19/2022
Ben Tre,34,25,0.3,71,22,Rain,2/20/2022
Ben Tre,34,26,0.0,68,19,Sunny,2/21/2022
Ben Tre,32,25,0.0,71,49,Sunny,2/22/2022
Ben Tre,33,25,0.0,66,19,Sunny,2/23/2022
Ben Tre,34,24,0.0,66,17,Sunny,2/24/2022
Ben Tre,33,25,0.0,65,9,Sunny,2/25/2022
Ben Tre,34,25,0.0,62,6,Sunny,2/26/2022
Ben Tre,35,25,0.0,60,6,Sunny,2/27/2022
Ben Tre,34,26,0.0,62,7,Sunny,2/28/2022
Ben Tre,34,25,0.1,64,14,Rain,3/1/2022
Ben Tre,34,25,0.0,64,12,Sunny,3/2/2022
Ben Tre,35,23,0.0,63,8,Sunny,3/3/2022
Ben Tre,35,24,0.0,63,4,Sunny,3/4/2022
Ben Tre,36,23,0.0,66,7,Sunny,3/5/2022
Ben Tre,39,23,0.0,65,14,Sunny,3/6/2022
Ben Tre,37,25,0.0,63,6,Sunny,3/7/2022
Ben Tre,36,25,0.0,65,13,Sunny,3/8/2022
Ben Tre,36,25,0.0,66,21,Sunny,3/9/2022
Ben Tre,37,24,0.0,64,18,Sunny,3/10/2022
Ben Tre,40,27,0.0,59,6,Sunny,3/11/2022
Ben Tre,37,26,0.0,63,13,Sunny,3/12/2022
Ben Tre,36,26,0.0,63,25,Sunny,3/13/2022
Ben Tre,36,27,0.2,64,44,Rain,3/14/2022
Ben Tre,36,26,0.0,62,19,Sunny,3/15/2022
Ben Tre,36,27,1.5,60,13,Rain,3/16/2022
Ben Tre,37,28,0.2,58,18,Rain,3/17/2022
Ben Tre,37,27,0.0,56,11,Sunny,3/18/2022
Ben Tre,36,27,0.7,61,16,Rain,3/19/2022
Ben Tre,35,27,0.3,64,30,Rain,3/20/2022
Ben Tre,35,27,3.0,68,35,Rain,3/21/2022
Ben Tre,37,27,1.8,64,34,Rain,3/22/2022
Ben Tre,36,27,1.6,64,29,Rain,3/23/2022
Ben Tre,35,28,2.7,65,36,Rain,3/24/2022
Ben Tre,35,27,0.0,61,19,Sunny,3/25/2022
Ben Tre,36,27,0.0,57,15,Sunny,3/26/2022
Ben Tre,36,27,0.0,58,26,Sunny,3/27/2022
Ben Tre,36,27,0.0,66,28,Sunny,3/28/2022
Ben Tre,36,27,0.0,63,43,Sunny,3/29/2022
Ben Tre,38,27,0.0,61,19,Sunny,3/30/2022
Ben Tre,35,27,0.0,62,33,Sunny,3/31/2022
Ben Tre,34,28,0.5,64,26,Rain,4/1/2022
Ben Tre,36,26,0.0,60,12,Sunny,4/2/2022
Ben Tre,35,27,7.2,64,32,Drizzle,4/3/2022
Ben Tre,32,27,8.1,72,39,Drizzle,4/4/2022
Ben Tre,34,27,0.0,64,33,Sunny,4/5/2022
Ben Tre,35,27,0.0,62,23,Sunny,4/6/2022
Ben Tre,35,27,0.2,67,31,Rain,4/7/2022
Ben Tre,36,27,0.0,63,21,Sunny,4/8/2022
Ben Tre,37,27,0.0,59,15,Sunny,4/9/2022
Ben Tre,38,27,0.0,61,25,Sunny,4/10/2022
Ben Tre,37,28,1.2,64,37,Rain,4/11/2022
Ben Tre,36,28,1.5,64,36,Rain,4/12/2022
Ben Tre,37,28,0.0,60,20,Sunny,4/13/2022
Ben Tre,38,28,0.0,58,13,Sunny,4/14/2022
Ben Tre,39,29,0.0,55,13,Sunny,4/15/2022
Ben Tre,36,29,1.2,62,37,Rain,4/16/2022
Ben Tre,35,28,2.8,65,36,Rain,4/17/2022
Ben Tre,35,29,0.7,65,44,Rain,4/18/2022
Ben Tre,39,28,0.0,57,19,Sunny,4/19/2022
Ben Tre,36,28,1.1,59,47,Rain,4/20/2022
Ben Tre,38,28,0.0,59,7,Sunny,4/21/2022
Ben Tre,37,28,0.0,60,15,Sunny,4/22/2022
Ben Tre,38,28,0.0,61,24,Sunny,4/23/2022
Ben Tre,38,29,1.1,60,17,Rain,4/24/2022
Ben Tre,37,29,0.2,62,34,Rain,4/25/2022
Ben Tre,38,28,0.0,60,23,Sunny,4/26/2022
Ben Tre,37,28,2.0,65,33,Rain,4/27/2022
Ben Tre,35,29,10.0,67,43,Drizzle,4/28/2022
Ben Tre,37,28,0.0,63,15,Sunny,4/29/2022
Ben Tre,35,28,0.0,62,41,Sunny,4/30/2022
Ben Tre,40,29,1.3,59,40,Rain,5/1/2022
Ben Tre,38,29,0.5,60,35,Rain,5/2/2022
Ben Tre,35,29,8.6,66,37,Drizzle,5/3/2022
Ben Tre,35,29,6.5,68,29,Drizzle,5/4/2022
Ben Tre,35,28,0.5,66,37,Rain,5/5/2022
Ben Tre,37,29,0.0,63,25,Sunny,5/6/2022
Ben Tre,36,29,0.3,63,35,Rain,5/7/2022
Ben Tre,37,29,2.3,63,33,Rain,5/8/2022
Ben Tre,35,29,9.7,67,34,Drizzle,5/9/2022
Ben Tre,35,28,1.3,70,46,Rain,5/10/2022
Ben Tre,35,27,10.4,71,59,Drizzle,5/11/2022
Ben Tre,34,28,9.2,73,33,Drizzle,5/12/2022
Ben Tre,35,27,4.2,71,33,Rain,5/13/2022
Ben Tre,35,28,4.8,70,38,Rain,5/14/2022
Ben Tre,34,28,11.5,73,29,Drizzle,5/15/2022
Ben Tre,35,28,3.5,71,34,Rain,5/16/2022
Ben Tre,36,28,0.2,66,32,Rain,5/17/2022
Ben Tre,35,29,0.1,66,38,Rain,5/18/2022
Ben Tre,35,28,2.8,69,57,Rain,5/19/2022
Ben Tre,35,28,9.1,69,21,Drizzle,5/20/2022
Ben Tre,36,28,7.1,67,29,Drizzle,5/21/2022
Ben Tre,35,29,10.3,71,28,Drizzle,5/22/2022
Ben Tre,35,28,4.5,70,38,Rain,5/23/2022
Ben Tre,35,28,0.1,67,31,Rain,5/24/2022
Ben Tre,35,28,3.4,67,31,Rain,5/25/2022
Ben Tre,35,28,6.6,73,45,Drizzle,5/26/2022
Ben Tre,36,27,3.9,70,46,Rain,5/27/2022
Ben Tre,33,27,18.3,78,30,Drizzle,5/28/2022
Ben Tre,35,27,5.3,74,39,Drizzle,5/29/2022
Ben Tre,38,27,2.2,69,30,Rain,5/30/2022
Ben Tre,36,28,0.0,69,19,Sunny,5/31/2022
Ben Tre,37,28,3.0,69,21,Rain,6/1/2022
Ben Tre,35,28,7.9,69,33,Drizzle,6/2/2022
Ben Tre,38,28,0.2,71,44,Rain,6/3/2022
Ben Tre,35,27,5.4,73,39,Drizzle,6/4/2022
Ben Tre,33,28,17.4,77,41,Drizzle,6/5/2022
Ben Tre,33,27,6.1,78,48,Drizzle,6/6/2022
Ben Tre,32,26,9.9,76,40,Drizzle,6/7/2022
Ben Tre,33,27,15.5,78,20,Drizzle,6/8/2022
Ben Tre,33,27,6.8,79,35,Drizzle,6/9/2022
Ben Tre,32,26,10.0,82,53,Drizzle,6/10/2022
Ben Tre,30,26,0.2,81,35,Rain,6/11/2022
Ben Tre,36,27,11.6,76,41,Drizzle,6/12/2022
Ben Tre,35,27,5.1,76,36,Drizzle,6/13/2022
Ben Tre,34,27,6.8,80,48,Drizzle,6/14/2022
Ben Tre,33,26,8.3,83,45,Drizzle,6/15/2022
Ben Tre,32,26,5.9,84,47,Drizzle,6/16/2022
Ben Tre,31,25,3.6,86,62,Rain,6/17/2022
Ben Tre,28,24,1.8,87,50,Rain,6/18/2022
Ben Tre,32,25,3.1,79,38,Rain,6/19/2022
Ben Tre,33,26,5.4,80,34,Drizzle,6/20/2022
Ben Tre,34,26,5.6,79,26,Drizzle,6/21/2022
Ben Tre,32,26,7.6,84,35,Drizzle,6/22/2022
Ben Tre,31,25,5.2,84,53,Drizzle,6/23/2022
Ben Tre,33,26,3.2,81,53,Rain,6/24/2022
Ben Tre,32,26,4.9,82,51,Rain,6/25/2022
Ben Tre,33,25,25.8,85,39,Drizzle,6/26/2022
Ben Tre,27,24,8.2,87,44,Drizzle,6/27/2022
Ben Tre,31,25,1.5,84,35,Rain,6/28/2022
Ben Tre,32,25,2.1,81,38,Rain,6/29/2022
Ben Tre,32,26,0.9,79,35,Rain,6/30/2022
Ben Tre,31,26,3.6,80,36,Rain,7/1/2022
Ben Tre,31,26,9.1,84,43,Drizzle,7/2/2022
Ben Tre,27,25,7.7,89,49,Drizzle,7/3/2022
Ben Tre,32,24,4.4,85,37,Rain,7/4/2022
Ben Tre,31,25,7.7,84,33,Drizzle,7/5/2022
Ben Tre,32,25,6.7,82,23,Drizzle,7/6/2022
Ben Tre,33,25,5.5,82,21,Drizzle,7/7/2022
Ben Tre,34,26,1.3,79,26,Rain,7/8/2022
Ben Tre,32,25,6.0,81,25,Drizzle,7/9/2022
Ben Tre,34,25,0.3,79,15,Rain,7/10/2022
Ben Tre,34,25,2.4,77,15,Rain,7/11/2022
Ben Tre,34,25,0.4,78,30,Rain,7/12/2022
Ben Tre,33,25,3.6,79,16,Rain,7/13/2022
Ben Tre,32,25,2.4,77,25,Rain,7/14/2022
Ben Tre,32,25,6.8,79,34,Drizzle,7/15/2022
Ben Tre,33,25,13.5,81,53,Drizzle,7/16/2022
Ben Tre,30,25,9.9,88,50,Drizzle,7/17/2022
Ben Tre,30,25,11.6,88,45,Drizzle,7/18/2022
Ben Tre,31,25,8.3,86,52,Drizzle,7/19/2022
Ben Tre,32,25,10.1,85,39,Drizzle,7/20/2022
Ben Tre,32,25,4.6,83,32,Rain,7/21/2022
Ben Tre,32,25,10.4,83,31,Drizzle,7/22/2022
Ben Tre,33,26,2.5,80,34,Rain,7/23/2022
Ben Tre,31,25,11.9,84,38,Drizzle,7/24/2022
Ben Tre,30,24,7.0,81,35,Drizzle,7/25/2022
Ben Tre,32,24,3.2,78,41,Rain,7/26/2022
Ben Tre,31,25,7.3,83,42,Drizzle,7/27/2022
Ben Tre,33,25,11.6,84,48,Drizzle,7/28/2022
Ben Tre,31,25,4.1,83,47,Rain,7/29/2022
Ben Tre,31,25,6.8,83,32,Drizzle,7/30/2022
Ben Tre,30,26,3.7,83,29,Rain,7/31/2022
Ben Tre,32,25,1.3,79,25,Rain,8/1/2022
Ben Tre,31,25,6.6,81,37,Drizzle,8/2/2022
Ben Tre,29,25,11.2,89,59,Drizzle,8/3/2022
Ben Tre,30,24,4.2,86,59,Rain,8/4/2022
Ben Tre,30,25,10.3,85,55,Drizzle,8/5/2022
Ben Tre,29,23,9.9,88,65,Drizzle,8/6/2022
Ben Tre,24,23,27.1,95,90,Drizzle,8/7/2022
Ben Tre,26,24,35.2,94,71,Drizzle,8/8/2022
Ben Tre,28,24,10.2,90,81,Drizzle,8/9/2022
Ben Tre,28,25,7.0,90,69,Drizzle,8/10/2022
Ben Tre,30,25,4.3,86,37,Rain,8/11/2022
Ben Tre,33,25,1.6,81,29,Rain,8/12/2022
Ben Tre,33,26,6.3,82,19,Drizzle,8/13/2022
Ben Tre,32,25,2.5,83,32,Rain,8/14/2022
Ben Tre,32,26,5.1,82,29,Drizzle,8/15/2022
Ben Tre,32,26,3.7,81,33,Rain,8/16/2022
Ben Tre,32,26,5.5,82,22,Drizzle,8/17/2022
Ben Tre,33,26,0.7,78,26,Rain,8/18/2022
Ben Tre,33,25,0.3,79,23,Rain,8/19/2022
Ben Tre,32,26,6.9,81,31,Drizzle,8/20/2022
Ben Tre,33,26,7.7,81,33,Drizzle,8/21/2022
Ben Tre,32,25,8.2,82,34,Drizzle,8/22/2022
Ben Tre,31,25,7.3,82,21,Drizzle,8/23/2022
Ben Tre,31,26,6.8,84,31,Drizzle,8/24/2022
Ben Tre,31,25,10.2,84,41,Drizzle,8/25/2022
Ben Tre,30,25,6.8,86,33,Drizzle,8/26/2022
Ben Tre,33,25,5.8,82,34,Drizzle,8/27/2022
Ben Tre,33,26,0.2,79,43,Rain,8/28/2022
Ben Tre,29,25,7.8,86,67,Drizzle,8/29/2022
Ben Tre,30,24,2.7,82,49,Rain,8/30/2022
Ben Tre,31,25,3.5,81,26,Rain,8/31/2022
Ben Tre,32,25,5.6,83,45,Drizzle,9/1/2022
Ben Tre,27,25,7.7,89,51,Drizzle,9/2/2022
Ben Tre,27,24,3.6,88,53,Rain,9/3/2022
Ben Tre,30,25,5.7,83,51,Drizzle,9/4/2022
Ben Tre,29,25,3.5,83,50,Rain,9/5/2022
Ben Tre,30,25,4.8,80,34,Rain,9/6/2022
Ben Tre,31,25,6.9,81,32,Drizzle,9/7/2022
Ben Tre,32,25,6.4,81,43,Drizzle,9/8/2022
Ben Tre,31,25,3.9,81,43,Rain,9/9/2022
Ben Tre,31,25,1.2,81,21,Rain,9/10/2022
Ben Tre,33,26,1.0,77,29,Rain,9/11/2022
Ben Tre,33,26,2.0,77,35,Rain,9/12/2022
Ben Tre,30,26,6.4,84,51,Drizzle,9/13/2022
Ben Tre,28,24,18.2,90,69,Drizzle,9/14/2022
Ben Tre,25,24,26.5,94,70,Drizzle,9/15/2022
Ben Tre,29,24,10.6,89,66,Drizzle,9/16/2022
Ben Tre,30,25,9.1,88,42,Drizzle,9/17/2022
Ben Tre,28,24,6.9,90,55,Drizzle,9/18/2022
Ben Tre,29,24,4.5,89,64,Rain,9/19/2022
Ben Tre,30,24,8.1,85,53,Drizzle,9/20/2022
Ben Tre,30,25,12.3,88,69,Drizzle,9/21/2022
Ben Tre,30,24,8.5,88,55,Drizzle,9/22/2022
Ben Tre,31,25,3.9,83,39,Rain,9/23/2022
Ben Tre,32,25,3.5,79,21,Rain,9/24/2022
Ben Tre,33,25,1.2,78,23,Rain,9/25/2022
Ben Tre,32,26,6.3,82,22,Drizzle,9/26/2022
Ben Tre,34,26,2.5,78,28,Rain,9/27/2022
Ben Tre,32,26,9.5,79,41,Drizzle,9/28/2022
Ben Tre,33,25,2.7,79,33,Rain,9/29/2022
Ben Tre,32,26,9.1,82,36,Drizzle,9/30/2022
Ben Tre,32,25,2.4,78,34,Rain,10/1/2022
Ben Tre,32,25,5.1,80,26,Drizzle,10/2/2022
Ben Tre,32,25,6.4,82,31,Drizzle,10/3/2022
Ben Tre,32,25,4.4,79,29,Rain,10/4/2022
Ben Tre,31,26,8.8,79,29,Drizzle,10/5/2022
Ben Tre,32,25,10.3,81,29,Drizzle,10/6/2022
Ben Tre,32,25,1.0,79,27,Rain,10/7/2022
Ben Tre,33,25,1.7,77,11,Rain,10/8/2022
Ben Tre,33,26,11.2,78,22,Drizzle,10/9/2022
Ben Tre,31,25,9.7,81,28,Drizzle,10/10/2022
Ben Tre,33,26,2.1,79,24,Rain,10/11/2022
Ben Tre,32,26,4.1,79,19,Rain,10/12/2022
Ben Tre,31,25,13.8,83,28,Drizzle,10/13/2022
Ben Tre,33,25,3.1,79,17,Rain,10/14/2022
Ben Tre,32,25,3.0,79,24,Rain,10/15/2022
Ben Tre,32,26,0.7,76,23,Rain,10/16/2022
Ben Tre,32,26,2.0,76,21,Rain,10/17/2022
Ben Tre,32,26,2.5,77,16,Rain,10/18/2022
Ben Tre,30,26,4.7,80,32,Rain,10/19/2022
Ben Tre,32,25,7.4,79,35,Drizzle,10/20/2022
Ben Tre,33,26,3.3,76,20,Rain,10/21/2022
Ben Tre,32,26,10.2,80,36,Drizzle,10/22/2022
Ben Tre,33,25,2.7,81,38,Rain,10/23/2022
Ben Tre,33,25,2.9,78,33,Rain,10/24/2022
Ben Tre,32,26,1.6,78,25,Rain,10/25/2022
Ben Tre,32,26,3.1,78,18,Rain,10/26/2022
Ben Tre,32,25,2.1,77,19,Rain,10/27/2022
Ben Tre,32,26,4.4,82,29,Rain,10/28/2022
Ben Tre,33,26,4.5,80,29,Rain,10/29/2022
Ben Tre,32,24,1.0,79,19,Rain,10/30/2022
Ben Tre,30,25,6.6,82,32,Drizzle,10/31/2022
Ben Tre,31,24,5.5,85,36,Drizzle,11/1/2022
Ben Tre,30,25,6.5,84,26,Drizzle,11/2/2022
Ben Tre,30,25,5.7,86,48,Drizzle,11/3/2022
Ben Tre,32,24,2.3,79,28,Rain,11/4/2022
Ben Tre,32,25,2.1,80,33,Rain,11/5/2022
Ben Tre,31,25,10.1,85,31,Drizzle,11/6/2022
Ben Tre,30,24,9.2,85,33,Drizzle,11/7/2022
Ben Tre,30,24,4.5,84,31,Rain,11/8/2022
Ben Tre,30,24,1.9,78,20,Rain,11/9/2022
Ben Tre,29,22,0.0,76,31,Sunny,11/10/2022
Ben Tre,28,22,2.5,86,39,Rain,11/11/2022
Ben Tre,33,22,0.2,82,44,Rain,11/12/2022
Ben Tre,30,25,3.8,85,41,Rain,11/13/2022
Ben Tre,30,25,6.6,85,57,Drizzle,11/14/2022
Ben Tre,31,24,0.5,78,41,Rain,11/15/2022
Ben Tre,32,24,1.7,80,47,Rain,11/16/2022
Ben Tre,31,24,1.2,82,61,Rain,11/17/2022
Ben Tre,31,24,3.0,84,46,Rain,11/18/2022
Ben Tre,31,24,0.2,80,48,Rain,11/19/2022
Ben Tre,32,23,0.0,73,10,Sunny,11/20/2022
Ben Tre,32,24,0.0,73,19,Sunny,11/21/2022
Ben Tre,31,24,0.3,80,50,Rain,11/22/2022
Ben Tre,33,24,1.4,82,46,Rain,11/23/2022
Ben Tre,31,24,4.2,82,38,Rain,11/24/2022
Ben Tre,31,25,3.4,83,39,Rain,11/25/2022
Ben Tre,33,25,1.9,81,31,Rain,11/26/2022
Ben Tre,32,24,3.1,80,25,Rain,11/27/2022
Ben Tre,32,25,0.0,77,26,Sunny,11/28/2022
Ben Tre,32,25,0.0,74,23,Sunny,11/29/2022
Ben Tre,32,25,0.1,75,20,Rain,11/30/2022
Ben Tre,33,24,0.2,76,36,Rain,12/1/2022
Ben Tre,30,24,0.4,76,33,Rain,12/2/2022
Ben Tre,29,22,0.2,73,33,Rain,12/3/2022
Ben Tre,30,21,0.0,72,10,Sunny,12/4/2022
Ben Tre,29,21,0.0,72,22,Sunny,12/5/2022
Ben Tre,31,21,0.0,69,13,Sunny,12/6/2022
Ben Tre,29,20,0.0,69,29,Sunny,12/7/2022
Ben Tre,29,20,0.0,73,25,Sunny,12/8/2022
Ben Tre,33,21,0.0,72,9,Sunny,12/9/2022
Ben Tre,30,23,0.0,76,13,Sunny,12/10/2022
Ben Tre,30,22,0.1,79,31,Rain,12/11/2022
Ben Tre,30,23,0.0,79,29,Sunny,12/12/2022
Ben Tre,31,23,0.0,74,22,Sunny,12/13/2022
Ben Tre,33,22,0.0,73,31,Sunny,12/14/2022
Ben Tre,32,24,0.0,72,15,Sunny,12/15/2022
Ben Tre,32,25,0.0,72,8,Sunny,12/16/2022
Ben Tre,33,25,0.0,68,38,Sunny,12/17/2022
Ben Tre,32,25,0.0,67,27,Sunny,12/18/2022
Ben Tre,33,25,0.0,68,26,Sunny,12/19/2022
Ben Tre,34,24,0.1,70,18,Rain,12/20/2022
Ben Tre,32,24,0.0,70,19,Sunny,12/21/2022
Ben Tre,34,24,0.1,75,17,Rain,12/22/2022
Ben Tre,33,23,0.3,75,28,Rain,12/23/2022
Ben Tre,34,23,0.0,75,22,Sunny,12/24/2022
Ben Tre,34,23,0.0,73,15,Sunny,12/25/2022
Ben Tre,34,22,0.0,73,14,Sunny,12/26/2022
Ben Tre,32,23,0.0,75,20,Sunny,12/27/2022
Ben Tre,35,22,0.0,74,13,Sunny,12/28/2022
Ben Tre,37,24,0.0,71,2,Sunny,12/29/2022
Ben Tre,34,23,0.0,72,24,Sunny,12/30/2022
Ben Tre,32,24,0.0,70,20,Sunny,12/31/2022
Ben Tre,34,23,0.0,59,10,Sunny,1/1/2023
Ben Tre,33,24,0.0,64,10,Sunny,1/2/2023
Ben Tre,33,25,0.0,65,16,Sunny,1/3/2023
Ben Tre,34,23,0.0,68,12,Sunny,1/4/2023
Ben Tre,36,24,0.0,69,8,Sunny,1/5/2023
Ben Tre,33,23,0.0,68,23,Sunny,1/6/2023
Ben Tre,34,24,0.0,69,37,Sunny,1/7/2023
Ben Tre,34,26,0.1,62,39,Rain,1/8/2023
Ben Tre,35,24,0.0,67,19,Sunny,1/9/2023
Ben Tre,34,24,0.0,67,32,Sunny,1/10/2023
Ben Tre,33,23,0.0,71,31,Sunny,1/11/2023
Ben Tre,34,23,0.2,72,41,Rain,1/12/2023
Ben Tre,34,24,0.0,65,11,Sunny,1/13/2023
Ben Tre,34,23,0.0,66,7,Sunny,1/14/2023
Ben Tre,32,22,0.0,69,6,Sunny,1/15/2023
Ben Tre,34,23,0.0,70,19,Sunny,1/16/2023
Ben Tre,34,24,0.0,69,15,Sunny,1/17/2023
Ben Tre,34,24,0.0,66,14,Sunny,1/18/2023
Ben Tre,33,22,0.0,66,23,Sunny,1/19/2023
Ben Tre,33,24,0.0,63,10,Sunny,1/20/2023
Ben Tre,35,24,0.0,62,22,Sunny,1/21/2023
Ben Tre,33,25,0.0,65,19,Sunny,1/22/2023
Ben Tre,33,24,0.0,65,13,Sunny,1/23/2023
Ben Tre,33,24,0.0,67,8,Sunny,1/24/2023
Ben Tre,32,24,0.0,73,19,Sunny,1/25/2023
Ben Tre,34,22,0.0,74,47,Sunny,1/26/2023
Ben Tre,32,22,0.0,77,17,Sunny,1/27/2023
Ben Tre,32,24,0.0,71,37,Sunny,1/28/2023
Ben Tre,31,22,0.0,77,36,Sunny,1/29/2023
Ben Tre,33,23,0.0,71,31,Sunny,1/30/2023
Ben Tre,32,23,0.0,62,20,Sunny,1/31/2023
Ben Tre,31,20,0.0,62,11,Sunny,2/1/2023
Ben Tre,33,22,0.0,60,6,Sunny,2/2/2023
Ben Tre,32,23,0.0,62,4,Sunny,2/3/2023
Ben Tre,32,24,0.0,66,6,Sunny,2/4/2023
Ben Tre,33,23,0.0,58,7,Sunny,2/5/2023
Ben Tre,34,23,0.0,57,2,Sunny,2/6/2023
Ben Tre,36,24,0.0,62,0,Sunny,2/7/2023
Ben Tre,34,24,0.0,66,11,Sunny,2/8/2023
Ben Tre,27,23,0.9,72,60,Rain,2/9/2023
Ben Tre,30,23,0.0,66,59,Sunny,2/10/2023
Ben Tre,33,24,0.0,66,28,Sunny,2/11/2023
Ben Tre,33,25,0.0,69,10,Sunny,2/12/2023
Ben Tre,33,24,0.0,74,17,Sunny,2/13/2023
Ben Tre,32,23,0.0,77,25,Sunny,2/14/2023
Ben Tre,34,22,0.0,75,43,Sunny,2/15/2023
Ben Tre,35,23,0.0,74,45,Sunny,2/16/2023
Ben Tre,33,23,0.9,68,57,Rain,2/17/2023
Ben Tre,34,25,0.2,61,36,Rain,2/18/2023
Ben Tre,36,23,0.0,56,10,Sunny,2/19/2023
Ben Tre,35,23,0.0,59,12,Sunny,2/20/2023
Ben Tre,35,23,0.0,58,8,Sunny,2/21/2023
Ben Tre,34,24,0.0,59,9,Sunny,2/22/2023
Ben Tre,35,23,0.0,54,12,Sunny,2/23/2023
Ben Tre,35,23,0.0,58,5,Sunny,2/24/2023
Ben Tre,34,25,0.0,62,10,Sunny,2/25/2023
Ben Tre,35,25,0.0,64,15,Sunny,2/26/2023
Ben Tre,35,25,0.0,59,14,Sunny,2/27/2023
Ben Tre,34,25,0.0,60,11,Sunny,2/28/2023
Ben Tre,35,24,0.0,72,21,Sunny,3/1/2023
Ben Tre,34,24,0.0,71,36,Sunny,3/2/2023
Ben Tre,34,25,0.0,65,20,Sunny,3/3/2023
Ben Tre,34,25,0.0,67,26,Sunny,3/4/2023
Ben Tre,33,24,0.0,69,29,Sunny,3/5/2023
Ben Tre,33,25,0.0,65,33,Sunny,3/6/2023
Ben Tre,37,24,0.0,69,26,Sunny,3/7/2023
Ben Tre,40,23,0.0,68,35,Sunny,3/8/2023
Ben Tre,38,23,0.0,69,37,Sunny,3/9/2023
Ben Tre,40,24,0.0,71,24,Sunny,3/10/2023
Ben Tre,33,25,0.0,70,37,Sunny,3/11/2023
Ben Tre,35,26,0.0,65,8,Sunny,3/12/2023
Ben Tre,35,25,0.0,69,34,Sunny,3/13/2023
Ben Tre,34,25,0.0,69,36,Sunny,3/14/2023
Ben Tre,34,26,0.0,62,17,Sunny,3/15/2023
Ben Tre,36,26,0.0,60,6,Sunny,3/16/2023
Ben Tre,36,26,0.0,58,5,Sunny,3/17/2023
Ben Tre,34,24,0.0,68,23,Sunny,3/18/2023
Ben Tre,34,24,0.0,66,25,Sunny,3/19/2023
Ben Tre,34,24,0.1,71,39,Rain,3/20/2023
Ben Tre,34,24,0.1,71,32,Rain,3/21/2023
Ben Tre,35,24,0.2,71,41,Rain,3/22/2023
Ben Tre,35,24,0.0,69,35,Sunny,3/23/2023
Ben Tre,35,23,0.0,69,31,Sunny,3/24/2023
Ben Tre,35,26,0.0,66,42,Sunny,3/25/2023
Ben Tre,34,25,0.0,68,38,Sunny,3/26/2023
Ben Tre,35,24,0.0,69,38,Sunny,3/27/2023
Ben Tre,36,24,0.1,70,38,Rain,3/28/2023
Ben Tre,35,24,0.0,69,32,Sunny,3/29/2023
Ben Tre,35,24,0.0,69,42,Sunny,3/30/2023
Ben Tre,36,24,0.2,69,50,Rain,3/31/2023
Ben Tre,35,25,0.0,68,49,Sunny,4/1/2023
Ben Tre,35,26,0.0,64,33,Sunny,4/2/2023
Ben Tre,36,27,0.0,63,19,Sunny,4/3/2023
Ben Tre,36,26,0.0,64,20,Sunny,4/4/2023
Ben Tre,36,27,0.0,61,13,Sunny,4/5/2023
Ben Tre,36,26,0.0,63,34,Sunny,4/6/2023
Ben Tre,37,25,0.0,68,38,Sunny,4/7/2023
Ben Tre,33,25,7.6,72,67,Drizzle,4/8/2023
Ben Tre,32,26,20.9,80,72,Drizzle,4/9/2023
Ben Tre,33,26,2.6,72,54,Rain,4/10/2023
Ben Tre,33,26,0.0,68,32,Sunny,4/11/2023
Ben Tre,34,26,0.7,71,48,Rain,4/12/2023
Ben Tre,31,26,25.4,75,61,Drizzle,4/13/2023
Ben Tre,33,25,0.1,72,47,Rain,4/14/2023
Ben Tre,32,26,7.2,73,53,Drizzle,4/15/2023
Ben Tre,33,26,2.1,73,59,Rain,4/16/2023
Ben Tre,34,28,0.1,69,44,Rain,4/17/2023
Ben Tre,35,26,0.0,70,23,Sunny,4/18/2023
Ben Tre,35,27,0.0,66,13,Sunny,4/19/2023
Ben Tre,37,26,0.0,65,33,Sunny,4/20/2023
Ben Tre,36,26,0.0,68,38,Sunny,4/21/2023
Ben Tre,35,27,0.2,69,46,Rain,4/22/2023
Ben Tre,35,27,1.6,69,53,Rain,4/23/2023
Ben Tre,35,28,0.5,65,50,Rain,4/24/2023
Ben Tre,37,27,0.2,64,28,Rain,4/25/2023
Ben Tre,37,28,0.1,61,37,Rain,4/26/2023
Ben Tre,37,28,0.6,60,32,Rain,4/27/2023
Ben Tre,36,28,0.0,58,29,Sunny,4/28/2023
Ben Tre,35,28,0.0,61,31,Sunny,4/29/2023
Ben Tre,35,28,0.1,62,33,Rain,4/30/2023
Ben Tre,35,27,0.3,64,30,Rain,5/1/2023
Ben Tre,35,27,5.2,67,63,Drizzle,5/2/2023
Ben Tre,36,26,5.9,68,60,Drizzle,5/3/2023
Ben Tre,35,27,0.9,68,54,Rain,5/4/2023
Ben Tre,36,27,0.2,68,55,Rain,5/5/2023
Ben Tre,37,27,0.5,65,41,Rain,5/6/2023
Ben Tre,36,28,3.0,67,51,Rain,5/7/2023
Ben Tre,35,28,3.3,69,58,Rain,5/8/2023
Ben Tre,38,28,0.0,64,28,Sunny,5/9/2023
Ben Tre,36,27,0.0,66,38,Sunny,5/10/2023
Ben Tre,37,28,0.0,62,36,Sunny,5/11/2023
Ben Tre,39,27,0.0,59,19,Sunny,5/12/2023
Ben Tre,36,27,0.0,63,24,Sunny,5/13/2023
Ben Tre,36,27,1.1,66,56,Rain,5/14/2023
Ben Tre,37,27,0.9,66,45,Rain,5/15/2023
Ben Tre,37,27,1.0,65,56,Rain,5/16/2023
Ben Tre,35,24,23.8,74,68,Drizzle,5/17/2023
Ben Tre,40,28,1.8,65,55,Rain,5/18/2023
Ben Tre,36,27,2.7,70,53,Rain,5/19/2023
Ben Tre,34,28,2.7,73,50,Rain,5/20/2023
Ben Tre,36,28,1.7,68,63,Rain,5/21/2023
Ben Tre,36,28,0.7,68,43,Rain,5/22/2023
Ben Tre,36,28,9.5,71,50,Drizzle,5/23/2023
Ben Tre,34,25,0.5,75,56,Rain,5/24/2023
Ben Tre,31,27,3.8,81,51,Rain,5/25/2023
Ben Tre,36,27,0.7,71,44,Rain,5/26/2023
Ben Tre,37,28,1.1,66,39,Rain,5/27/2023
Ben Tre,35,28,3.9,73,46,Rain,5/28/2023
Ben Tre,33,27,14.3,79,77,Drizzle,5/29/2023
Ben Tre,34,27,6.1,73,64,Drizzle,5/30/2023
Ben Tre,35,27,1.0,71,47,Rain,5/31/2023
Ben Tre,37,27,7.2,73,35,Drizzle,6/1/2023
Ben Tre,35,26,17.9,80,55,Drizzle,6/2/2023
Ben Tre,36,27,6.6,73,48,Drizzle,6/3/2023
Ben Tre,33,27,11.9,80,57,Drizzle,6/4/2023
Ben Tre,32,26,17.5,82,52,Drizzle,6/5/2023
Ben Tre,34,27,15.2,77,53,Drizzle,6/6/2023
Ben Tre,34,26,7.4,78,47,Drizzle,6/7/2023
Ben Tre,34,27,5.2,74,46,Drizzle,6/8/2023
Ben Tre,36,27,0.0,69,19,Sunny,6/9/2023
Ben Tre,34,27,3.7,76,64,Rain,6/10/2023
Ben Tre,30,26,3.7,84,64,Rain,6/11/2023
Ben Tre,33,25,1.2,77,54,Rain,6/12/2023
Ben Tre,34,27,7.7,78,34,Drizzle,6/13/2023
Ben Tre,29,25,20.8,90,76,Drizzle,6/14/2023
Ben Tre,29,24,19.1,91,80,Drizzle,6/15/2023
Ben Tre,32,25,5.0,84,70,Rain,6/16/2023
Ben Tre,34,26,7.2,79,68,Drizzle,6/17/2023
Ben Tre,31,26,2.7,82,46,Rain,6/18/2023
Ben Tre,33,27,11.9,81,60,Drizzle,6/19/2023
Ben Tre,32,26,8.0,83,51,Drizzle,6/20/2023
Ben Tre,33,26,6.0,81,47,Drizzle,6/21/2023
Ben Tre,32,26,5.3,83,50,Drizzle,6/22/2023
Ben Tre,33,27,3.2,80,43,Rain,6/23/2023
Ben Tre,36,26,2.3,78,57,Rain,6/24/2023
Ben Tre,33,26,8.4,81,56,Drizzle,6/25/2023
Ben Tre,31,25,2.4,83,58,Rain,6/26/2023
Ben Tre,31,25,8.7,85,56,Drizzle,6/27/2023
Ben Tre,31,25,2.6,82,67,Rain,6/28/2023
Ben Tre,27,25,4.4,92,80,Rain,6/29/2023
Ben Tre,28,25,3.1,90,64,Rain,6/30/2023
Ben Tre,31,25,0.5,80,49,Rain,7/1/2023
Ben Tre,32,25,3.2,81,57,Rain,7/2/2023
Ben Tre,30,25,16.0,88,63,Drizzle,7/3/2023
Ben Tre,27,24,1.1,90,60,Rain,7/4/2023
Ben Tre,33,25,1.8,78,57,Rain,7/5/2023
Ben Tre,31,26,10.3,86,70,Drizzle,7/6/2023
Ben Tre,33,25,1.8,80,58,Rain,7/7/2023
Ben Tre,34,26,0.6,77,35,Rain,7/8/2023
Ben Tre,34,25,0.0,76,30,Sunny,7/9/2023
Ben Tre,33,26,0.3,78,31,Rain,7/10/2023
Ben Tre,32,25,6.0,83,64,Drizzle,7/11/2023
Ben Tre,32,25,18.6,86,59,Drizzle,7/12/2023
Ben Tre,31,25,5.9,84,64,Drizzle,7/13/2023
Ben Tre,31,25,5.7,85,60,Drizzle,7/14/2023
Ben Tre,32,26,14.5,85,74,Drizzle,7/15/2023
Ben Tre,31,26,12.7,86,65,Drizzle,7/16/2023
Ben Tre,32,26,8.5,83,51,Drizzle,7/17/2023
Ben Tre,33,26,4.7,82,52,Rain,7/18/2023
Ben Tre,34,26,2.1,78,50,Rain,7/19/2023
Ben Tre,33,26,1.9,78,55,Rain,7/20/2023
Ben Tre,34,26,2.8,76,37,Rain,7/21/2023
Ben Tre,34,26,5.2,79,55,Drizzle,7/22/2023
Ben Tre,33,26,1.4,76,50,Rain,7/23/2023
Ben Tre,25,21,12.9,94,68,Drizzle,7/24/2023
Ben Tre,34,25,0.4,74,33,Rain,7/25/2023
Ben Tre,32,25,5.2,82,68,Drizzle,7/26/2023
Ben Tre,34,26,1.9,80,62,Rain,7/27/2023
Ben Tre,33,26,0.5,77,50,Rain,7/28/2023
Ben Tre,32,26,13.4,83,55,Drizzle,7/29/2023
Ben Tre,32,26,5.0,82,44,Rain,7/30/2023
Ben Tre,29,26,18.8,89,71,Drizzle,7/31/2023
Ben Tre,28,25,14.2,89,71,Drizzle,8/1/2023
Ben Tre,28,25,7.7,90,76,Drizzle,8/2/2023
Ben Tre,29,25,5.1,88,71,Drizzle,8/3/2023
Ben Tre,28,25,3.8,91,67,Rain,8/4/2023
Ben Tre,28,23,18.7,91,72,Drizzle,8/5/2023
Ben Tre,24,23,10.6,95,93,Drizzle,8/6/2023
Ben Tre,26,24,27.3,94,83,Drizzle,8/7/2023
Ben Tre,31,25,3.7,82,75,Rain,8/8/2023
Ben Tre,30,24,10.6,88,63,Drizzle,8/9/2023
Ben Tre,31,26,13.8,85,66,Drizzle,8/10/2023
Ben Tre,30,26,8.8,85,59,Drizzle,8/11/2023
Ben Tre,31,25,29.4,86,52,Drizzle,8/12/2023
Ben Tre,26,25,9.2,93,64,Drizzle,8/13/2023
Ben Tre,28,24,3.0,91,64,Rain,8/14/2023
Ben Tre,33,24,0.7,79,43,Rain,8/15/2023
Ben Tre,32,25,7.3,79,62,Drizzle,8/16/2023
Ben Tre,31,24,21.3,87,80,Drizzle,8/17/2023
Ben Tre,30,26,5.2,85,54,Drizzle,8/18/2023
Ben Tre,30,26,4.0,84,67,Rain,8/19/2023
Ben Tre,33,26,0.2,80,58,Rain,8/20/2023
Ben Tre,32,25,5.3,83,70,Drizzle,8/21/2023
Ben Tre,33,26,1.0,79,46,Rain,8/22/2023
Ben Tre,33,26,7.9,81,43,Drizzle,8/23/2023
Ben Tre,34,26,0.2,77,34,Rain,8/24/2023
Ben Tre,34,26,0.0,76,26,Sunny,8/25/2023
Ben Tre,33,26,2.3,79,44,Rain,8/26/2023
Ben Tre,33,26,7.0,81,73,Drizzle,8/27/2023
Ben Tre,34,26,7.2,79,44,Drizzle,8/28/2023
Ben Tre,33,26,12.6,83,58,Drizzle,8/29/2023
Ben Tre,34,26,0.7,78,46,Rain,8/30/2023
Ben Tre,34,26,1.2,77,43,Rain,8/31/2023
Ben Tre,34,26,3.8,77,60,Rain,9/1/2023
Ben Tre,27,26,3.0,88,77,Rain,9/2/2023
Ben Tre,34,25,8.5,82,66,Drizzle,9/3/2023
Ben Tre,33,26,9.2,82,65,Drizzle,9/4/2023
Ben Tre,34,26,4.8,80,49,Rain,9/5/2023
Ben Tre,33,26,11.9,81,56,Drizzle,9/6/2023
Ben Tre,32,26,10.6,82,49,Drizzle,9/7/2023
Ben Tre,33,26,10.0,82,53,Drizzle,9/8/2023
Ben Tre,33,26,6.1,80,75,Drizzle,9/9/2023
Ben Tre,32,27,4.1,82,58,Rain,9/10/2023
Ben Tre,32,26,7.5,82,49,Drizzle,9/11/2023
Ben Tre,33,26,4.4,80,55,Rain,9/12/2023
Ben Tre,34,26,5.7,80,65,Drizzle,9/13/2023
Ben Tre,33,26,11.9,81,69,Drizzle,9/14/2023
Ben Tre,29,24,9.9,91,70,Drizzle,9/15/2023
Ben Tre,31,25,11.6,83,66,Drizzle,9/16/2023
Ben Tre,29,25,24.4,89,70,Drizzle,9/17/2023
Ben Tre,25,20,27.9,94,92,Drizzle,9/18/2023
Ben Tre,29,22,6.5,89,60,Drizzle,9/19/2023
Ben Tre,33,25,5.4,82,51,Drizzle,9/20/2023
Ben Tre,31,26,7.4,85,52,Drizzle,9/21/2023
Ben Tre,33,26,3.1,83,73,Rain,9/22/2023
Ben Tre,32,26,5.4,82,52,Drizzle,9/23/2023
Ben Tre,32,26,3.7,82,66,Rain,9/24/2023
Ben Tre,27,25,5.1,91,65,Drizzle,9/25/2023
Ben Tre,31,26,13.3,83,54,Drizzle,9/26/2023
Ben Tre,28,25,6.5,91,72,Drizzle,9/27/2023
Ben Tre,30,24,8.9,88,62,Drizzle,9/28/2023
Ben Tre,30,25,6.9,87,55,Drizzle,9/29/2023
Ben Tre,32,25,5.7,84,50,Drizzle,9/30/2023
Ben Tre,31,25,11.4,85,54,Drizzle,10/1/2023
Ben Tre,31,26,6.0,85,59,Drizzle,10/2/2023
Ben Tre,31,26,17.7,86,72,Drizzle,10/3/2023
Ben Tre,30,25,10.1,88,58,Drizzle,10/4/2023
Ben Tre,31,25,4.7,85,57,Rain,10/5/2023
Ben Tre,29,25,8.2,89,67,Drizzle,10/6/2023
Ben Tre,27,24,2.8,94,56,Rain,10/7/2023
Ben Tre,30,23,10.8,89,61,Drizzle,10/8/2023
Ben Tre,27,24,91.4,96,88,Rain,10/9/2023
Ben Tre,27,24,11.4,94,76,Drizzle,10/10/2023
Ben Tre,28,24,13.5,93,76,Drizzle,10/11/2023
Ben Tre,27,24,9.2,94,89,Drizzle,10/12/2023
Ben Tre,28,24,20.8,94,93,Drizzle,10/13/2023
Ben Tre,27,24,6.9,92,91,Drizzle,10/14/2023
Ben Tre,29,24,9.2,90,72,Drizzle,10/15/2023
Ben Tre,24,17,27.5,97,93,Drizzle,10/16/2023
Ben Tre,27,22,14.6,94,79,Drizzle,10/17/2023
Ben Tre,30,24,5.7,89,65,Drizzle,10/18/2023
Ben Tre,31,24,1.9,84,63,Rain,10/19/2023
Ben Tre,30,24,5.6,86,60,Drizzle,10/20/2023
Ben Tre,31,24,6.9,88,72,Drizzle,10/21/2023
Ben Tre,30,24,14.2,90,76,Drizzle,10/22/2023
Ben Tre,31,24,5.1,85,72,Drizzle,10/23/2023
Ben Tre,29,24,15.4,92,71,Drizzle,10/24/2023
Ben Tre,29,25,11.6,91,68,Drizzle,10/25/2023
Ben Tre,30,25,8.1,86,61,Drizzle,10/26/2023
Ben Tre,30,24,0.2,84,45,Rain,10/27/2023
Ben Tre,29,25,3.8,84,58,Rain,10/28/2023
Ben Tre,26,24,6.5,94,59,Drizzle,10/29/2023
Ben Tre,33,24,4.8,82,40,Rain,10/30/2023
Ben Tre,32,25,8.5,85,62,Drizzle,10/31/2023
Ben Tre,31,25,15.1,88,82,Drizzle,11/1/2023
Ben Tre,31,25,4.2,84,73,Rain,11/2/2023
Ben Tre,31,25,0.2,82,38,Rain,11/3/2023
Ben Tre,31,24,0.0,78,28,Sunny,11/4/2023
Ben Tre,33,24,0.1,78,17,Rain,11/5/2023
Ben Tre,30,24,13.1,83,56,Drizzle,11/6/2023
Ben Tre,30,25,6.9,85,72,Drizzle,11/7/2023
Ben Tre,30,25,0.0,83,45,Sunny,11/8/2023
Ben Tre,31,24,0.3,77,35,Rain,11/9/2023
Ben Tre,25,22,0.0,86,66,Sunny,11/10/2023
Ben Tre,30,22,0.0,81,54,Sunny,11/11/2023
Ben Tre,32,24,0.4,82,63,Rain,11/12/2023
Ben Tre,31,25,0.2,81,47,Rain,11/13/2023
Ben Tre,31,24,0.0,78,9,Sunny,11/14/2023
Ben Tre,31,24,0.0,80,27,Sunny,11/15/2023
Ben Tre,32,25,5.9,80,35,Drizzle,11/16/2023
Ben Tre,32,25,0.2,79,31,Rain,11/17/2023
Ben Tre,34,25,0.0,76,15,Sunny,11/18/2023
Ben Tre,31,25,6.6,83,31,Drizzle,11/19/2023
Ben Tre,32,26,2.5,79,35,Rain,11/20/2023
Ben Tre,32,26,1.1,77,27,Rain,11/21/2023
Ben Tre,32,26,0.2,75,27,Rain,11/22/2023
Ben Tre,32,25,2.7,80,44,Rain,11/23/2023
Ben Tre,33,25,1.2,79,48,Rain,11/24/2023
Ben Tre,31,24,0.7,76,37,Rain,11/25/2023
Ben Tre,32,25,0.0,73,16,Sunny,11/26/2023
Ben Tre,33,25,0.5,76,36,Rain,11/27/2023
Ben Tre,33,24,1.2,75,38,Rain,11/28/2023
Ben Tre,29,24,4.8,88,63,Rain,11/29/2023
Ben Tre,25,23,1.7,94,96,Rain,11/30/2023
Ben Tre,29,24,4.2,85,63,Rain,12/1/2023
Ben Tre,30,24,0.4,79,52,Rain,12/2/2023
Ben Tre,30,23,0.2,79,50,Rain,12/3/2023
Ben Tre,34,22,0.0,73,14,Sunny,12/4/2023
Ben Tre,30,23,0.0,74,7,Sunny,12/5/2023
Ben Tre,32,22,0.0,77,20,Sunny,12/6/2023
Ben Tre,32,24,6.8,80,53,Drizzle,12/7/2023
Ben Tre,30,23,0.7,79,52,Rain,12/8/2023
Ben Tre,29,23,0.2,79,55,Rain,12/9/2023
Ben Tre,32,21,4.7,82,69,Rain,12/10/2023
Ben Tre,31,24,6.5,87,55,Drizzle,12/11/2023
Ben Tre,32,24,3.4,85,67,Rain,12/12/2023
Ben Tre,30,25,8.1,88,47,Drizzle,12/13/2023
Ben Tre,31,24,0.9,85,54,Rain,12/14/2023
Ben Tre,30,25,10.3,87,54,Drizzle,12/15/2023
Ben Tre,32,24,3.0,84,42,Rain,12/16/2023
Ben Tre,31,24,1.2,82,51,Rain,12/17/2023
Ben Tre,31,23,1.9,82,47,Rain,12/18/2023
Ben Tre,30,24,6.2,84,50,Drizzle,12/19/2023
Ben Tre,29,22,0.4,76,25,Rain,12/20/2023
Ben Tre,30,22,0.0,69,9,Sunny,12/21/2023
Ben Tre,28,22,0.5,72,47,Rain,12/22/2023
Ben Tre,26,21,20.9,92,81,Drizzle,12/23/2023
Ben Tre,29,23,7.8,85,75,Drizzle,12/24/2023
Ben Tre,31,24,2.0,78,29,Rain,12/25/2023
Ben Tre,31,25,0.2,78,31,Rain,12/26/2023
Ben Tre,31,24,0.3,83,51,Rain,12/27/2023
Ben Tre,32,24,0.8,82,52,Rain,12/28/2023
Ben Tre,29,23,0.1,83,48,Rain,12/29/2023
Ben Tre,28,24,0.0,79,55,Sunny,12/30/2023
Ben Tre,29,22,0.0,70,56,Sunny,12/31/2023
Ben Tre,29,21,0.0,70,30,Sunny,1/1/2024
Ben Tre,27,21,0.4,76,55,Rain,1/2/2024
Ben Tre,30,23,0.3,78,54,Rain,1/3/2024
Ben Tre,32,21,0.1,76,41,Rain,1/4/2024
Ben Tre,25,18,2.4,89,78,Rain,1/5/2024
Ben Tre,29,24,0.0,81,43,Sunny,1/6/2024
Ben Tre,33,24,0.0,75,20,Sunny,1/7/2024
Ben Tre,32,24,0.0,73,30,Sunny,1/8/2024
Ben Tre,31,23,0.0,71,28,Sunny,1/9/2024
Ben Tre,31,21,0.0,69,20,Sunny,1/10/2024
Ben Tre,32,22,0.0,69,23,Sunny,1/11/2024
Ben Tre,30,21,0.0,68,17,Sunny,1/12/2024
Ben Tre,29,20,0.0,71,20,Sunny,1/13/2024
Ben Tre,28,21,0.0,78,32,Sunny,1/14/2024
Ben Tre,31,21,0.0,74,15,Sunny,1/15/2024
Ben Tre,32,22,0.0,73,16,Sunny,1/16/2024
Ben Tre,32,22,0.0,71,17,Sunny,1/17/2024
Ben Tre,31,21,0.0,65,6,Sunny,1/18/2024
Ben Tre,30,19,0.0,66,31,Sunny,1/19/2024
Ben Tre,32,21,0.0,67,33,Sunny,1/20/2024
Ben Tre,32,22,0.0,72,36,Sunny,1/21/2024
Ben Tre,30,23,1.8,78,58,Rain,1/22/2024
Ben Tre,25,23,3.0,92,67,Rain,1/23/2024
Ben Tre,31,23,0.7,78,47,Rain,1/24/2024
Ben Tre,32,23,0.5,74,50,Rain,1/25/2024
Ben Tre,32,24,0.0,67,33,Sunny,1/26/2024
Ben Tre,33,24,0.0,67,18,Sunny,1/27/2024
Ben Tre,32,24,0.0,71,29,Sunny,1/28/2024
Ben Tre,33,22,0.0,66,18,Sunny,1/29/2024
Ben Tre,34,22,0.0,67,9,Sunny,1/30/2024
Ben Tre,33,23,0.0,65,16,Sunny,1/31/2024
Ben Tre,34,23,0.0,67,22,Sunny,2/1/2024
Ben Tre,33,23,0.0,68,14,Sunny,2/2/2024
Ben Tre,34,22,0.0,69,10,Sunny,2/3/2024
Ben Tre,35,22,0.0,65,11,Sunny,2/4/2024
Ben Tre,33,23,0.0,68,25,Sunny,2/5/2024
Ben Tre,34,23,0.0,67,30,Sunny,2/6/2024
Ben Tre,33,25,0.0,62,50,Sunny,2/7/2024
Ben Tre,34,24,0.0,66,29,Sunny,2/8/2024
Ben Tre,33,24,0.0,66,24,Sunny,2/9/2024
Ben Tre,33,23,0.0,72,55,Sunny,2/10/2024
Ben Tre,31,24,1.5,74,70,Rain,2/11/2024
Ben Tre,31,22,1.3,74,49,Rain,2/12/2024
Ben Tre,32,22,0.0,72,22,Sunny,2/13/2024
Ben Tre,29,21,0.2,75,50,Rain,2/14/2024
Ben Tre,29,21,0.0,76,52,Sunny,2/15/2024
Ben Tre,31,21,0.0,73,16,Sunny,2/16/2024
Ben Tre,31,22,0.0,68,21,Sunny,2/17/2024
Ben Tre,34,22,0.0,63,7,Sunny,2/18/2024
Ben Tre,34,21,0.0,62,13,Sunny,2/19/2024
Ben Tre,34,22,0.0,61,4,Sunny,2/20/2024
Ben Tre,34,22,0.0,66,3,Sunny,2/21/2024
Ben Tre,32,21,0.0,69,10,Sunny,2/22/2024
Ben Tre,34,21,0.0,72,33,Sunny,2/23/2024
Ben Tre,34,22,0.0,70,25,Sunny,2/24/2024
Ben Tre,36,21,0.0,70,30,Sunny,2/25/2024
Ben Tre,35,23,0.0,72,51,Sunny,2/26/2024
Ben Tre,35,23,0.0,71,20,Sunny,2/27/2024
Ben Tre,33,22,0.0,72,33,Sunny,2/28/2024
Ben Tre,34,25,0.0,68,29,Sunny,3/1/2024
Ben Tre,34,25,0.0,70,24,Sunny,3/2/2024
Ben Tre,35,25,0.0,63,12,Sunny,3/3/2024
Ben Tre,35,26,0.0,60,11,Sunny,3/4/2024
Ben Tre,34,26,0.0,63,2,Sunny,3/5/2024
Ben Tre,35,24,0.0,68,7,Sunny,3/6/2024
Ben Tre,33,24,0.0,70,18,Sunny,3/7/2024
Ben Tre,35,25,0.0,60,9,Sunny,3/8/2024
Ben Tre,36,25,0.0,59,17,Sunny,3/9/2024
Ben Tre,36,26,0.0,55,12,Sunny,3/10/2024
Ben Tre,36,26,0.0,57,17,Sunny,3/11/2024
Ben Tre,36,26,0.0,57,11,Sunny,3/12/2024
Ben Tre,37,26,0.0,55,10,Sunny,3/13/2024
Ben Tre,36,25,0.0,62,12,Sunny,3/14/2024
Ben Tre,36,23,0.0,66,13,Sunny,3/15/2024
Ben Tre,34,23,0.0,71,29,Sunny,3/16/2024
Ben Tre,34,22,0.0,71,30,Sunny,3/17/2024
Ben Tre,35,23,0.0,72,40,Sunny,3/18/2024
Ben Tre,35,25,0.1,70,45,Rain,3/19/2024
Ben Tre,36,25,0.2,69,50,Rain,3/20/2024
Ben Tre,35,24,0.2,69,39,Rain,3/21/2024
Ben Tre,38,26,0.0,59,19,Sunny,3/22/2024
Ben Tre,38,26,0.3,55,28,Rain,3/23/2024
Ben Tre,35,27,0.7,60,48,Rain,3/24/2024
Ben Tre,35,27,0.0,63,23,Sunny,3/25/2024
Ben Tre,36,27,0.0,63,16,Sunny,3/26/2024
Ben Tre,35,27,0.0,62,26,Sunny,3/27/2024
Ben Tre,35,27,0.3,67,50,Rain,3/28/2024
Ben Tre,36,25,0.0,65,25,Sunny,3/29/2024
Ben Tre,39,25,0.0,64,17,Sunny,3/30/2024
Ben Tre,39,26,0.0,59,13,Sunny,3/31/2024
Ben Tre,38,26,0.0,57,18,Sunny,4/1/2024
Ben Tre,36,26,1.5,65,56,Rain,4/2/2024
Ben Tre,34,26,3.0,68,61,Rain,4/3/2024
Ben Tre,35,26,0.0,64,37,Sunny,4/4/2024
Ben Tre,33,27,1.9,65,51,Rain,4/5/2024
Ben Tre,35,27,0.0,59,18,Sunny,4/6/2024
Ben Tre,35,27,0.9,62,41,Rain,4/7/2024
Ben Tre,33,26,5.2,69,60,Drizzle,4/8/2024
Ben Tre,33,26,5.7,72,63,Drizzle,4/9/2024
Ben Tre,33,26,4.0,68,65,Rain,4/10/2024
Ben Tre,34,26,0.3,66,33,Rain,4/11/2024
Ben Tre,33,27,1.4,68,41,Rain,4/12/2024
Ben Tre,34,27,1.4,68,49,Rain,4/13/2024
Ben Tre,33,26,7.6,76,75,Drizzle,4/14/2024
Ben Tre,34,26,0.4,73,50,Rain,4/15/2024
Ben Tre,33,26,15.1,77,74,Drizzle,4/16/2024
Ben Tre,32,25,5.4,76,77,Drizzle,4/17/2024
Ben Tre,33,25,2.6,71,60,Rain,4/18/2024
Ben Tre,34,25,1.9,72,66,Rain,4/19/2024
Ben Tre,33,26,0.4,74,50,Rain,4/20/2024
Ben Tre,35,27,1.0,72,59,Rain,4/21/2024
Ben Tre,35,27,0.9,69,58,Rain,4/22/2024
Ben Tre,32,26,5.9,78,61,Drizzle,4/23/2024
Ben Tre,35,25,0.8,73,65,Rain,4/24/2024
Ben Tre,35,26,0.2,69,43,Rain,4/25/2024
Ben Tre,36,27,1.4,67,52,Rain,4/26/2024
Ben Tre,34,26,1.5,72,59,Rain,4/27/2024
Ben Tre,31,26,2.8,77,57,Rain,4/28/2024
Ben Tre,31,26,5.6,75,52,Drizzle,4/29/2024
Ben Tre,33,26,1.3,69,24,Rain,4/30/2024
Ben Tre,34,27,5.9,71,70,Drizzle,5/1/2024
Ben Tre,33,26,12.3,74,60,Drizzle,5/2/2024
Ben Tre,35,27,0.5,63,32,Rain,5/3/2024
Ben Tre,36,28,1.0,66,41,Rain,5/4/2024
Ben Tre,36,28,0.0,64,20,Sunny,5/5/2024
Ben Tre,32,25,3.7,70,59,Rain,5/6/2024
Ben Tre,33,26,6.1,72,62,Drizzle,5/7/2024
Ben Tre,34,27,1.9,71,58,Rain,5/8/2024
Ben Tre,34,27,6.5,74,64,Drizzle,5/9/2024
Ben Tre,34,26,1.7,73,39,Rain,5/10/2024
Ben Tre,36,26,0.0,69,31,Sunny,5/11/2024
Ben Tre,37,27,0.3,66,39,Rain,5/12/2024
Ben Tre,34,27,0.4,68,43,Rain,5/13/2024
Ben Tre,35,26,1.2,70,47,Rain,5/14/2024
Ben Tre,35,27,7.8,71,53,Drizzle,5/15/2024
Ben Tre,34,28,8.4,71,78,Drizzle,5/16/2024
Ben Tre,33,27,5.3,77,69,Drizzle,5/17/2024
Ben Tre,32,26,4.1,77,61,Rain,5/18/2024
Ben Tre,34,27,6.4,75,53,Drizzle,5/19/2024
Ben Tre,35,26,22.1,78,78,Drizzle,5/20/2024
Ben Tre,32,26,7.6,80,74,Drizzle,5/21/2024
Ben Tre,30,26,9.5,83,70,Drizzle,5/22/2024
Ben Tre,27,24,16.4,90,77,Drizzle,5/23/2024
Ben Tre,27,25,5.6,89,67,Drizzle,5/24/2024
Ben Tre,25,24,5.5,93,67,Drizzle,5/25/2024
Ben Tre,26,21,10.2,94,93,Drizzle,5/26/2024
Ben Tre,28,24,6.6,92,76,Drizzle,5/27/2024
Ben Tre,31,25,3.4,83,59,Rain,5/28/2024
Ben Tre,33,25,0.5,80,44,Rain,5/29/2024
Ben Tre,33,26,1.9,81,52,Rain,5/30/2024
Ben Tre,33,26,0.2,76,51,Rain,5/31/2024
Ben Tre,35,26,0.9,75,55,Rain,6/1/2024
Ben Tre,34,27,3.7,77,52,Rain,6/2/2024
Ben Tre,34,26,1.3,78,42,Rain,6/3/2024
Ben Tre,34,27,0.0,72,26,Sunny,6/4/2024
Ben Tre,35,27,0.1,72,33,Rain,6/5/2024
Ben Tre,32,26,6.8,77,66,Drizzle,6/6/2024
Ben Tre,29,26,6.6,85,65,Drizzle,6/7/2024
Ben Tre,26,25,1.7,91,85,Rain,6/8/2024
Ben Tre,31,25,0.9,81,69,Rain,6/9/2024
Ben Tre,31,25,5.6,81,70,Drizzle,6/10/2024
Ben Tre,28,25,0.6,84,73,Rain,6/11/2024
Ben Tre,24,20,7.2,94,80,Drizzle,6/12/2024
Ben Tre,30,22,5.9,86,70,Drizzle,6/13/2024
Ben Tre,33,25,0.4,77,52,Rain,6/14/2024
Ben Tre,33,25,0.0,75,31,Sunny,6/15/2024
Ben Tre,33,26,0.6,75,37,Rain,6/16/2024
Ben Tre,33,26,6.1,78,64,Drizzle,6/17/2024
Ben Tre,34,26,0.1,73,36,Rain,6/18/2024
Ben Tre,34,26,3.0,74,30,Rain,6/19/2024
Ben Tre,32,26,0.2,74,55,Rain,6/20/2024
Ben Tre,33,26,5.1,76,62,Drizzle,6/21/2024
Ben Tre,28,26,4.6,88,81,Rain,6/22/2024
Ben Tre,31,24,1.0,79,58,Rain,6/23/2024
Ben Tre,32,25,6.3,78,51,Drizzle,6/24/2024
Ben Tre,31,25,1.3,78,59,Rain,6/25/2024
Ben Tre,33,25,7.2,76,31,Drizzle,6/26/2024
Ben Tre,32,25,6.7,80,37,Drizzle,6/27/2024
Ben Tre,32,26,13.1,81,35,Drizzle,6/28/2024
Ben Tre,33,26,4.7,80,23,Rain,6/29/2024
Ben Tre,32,26,4.3,81,41,Rain,6/30/2024
Ben Tre,33,26,3.1,80,49,Rain,7/1/2024
Ben Tre,34,26,0.9,77,31,Rain,7/2/2024
Ben Tre,33,26,4.7,78,26,Rain,7/3/2024
Ben Tre,33,26,1.8,78,45,Rain,7/4/2024
Ben Tre,33,26,4.8,78,65,Rain,7/5/2024
Ben Tre,33,26,4.3,77,46,Rain,7/6/2024
Ben Tre,33,26,7.3,77,50,Drizzle,7/7/2024
Ben Tre,34,26,2.3,75,32,Rain,7/8/2024
Ben Tre,34,25,1.3,73,26,Rain,7/9/2024
Ben Tre,34,26,2.4,75,45,Rain,7/10/2024
Ben Tre,33,26,3.2,79,47,Rain,7/11/2024
Ben Tre,32,25,6.5,81,50,Drizzle,7/12/2024
Ben Tre,31,25,4.5,83,67,Rain,7/13/2024
Ben Tre,31,25,4.8,84,68,Rain,7/14/2024
Ben Tre,27,25,0.5,86,64,Rain,7/15/2024
Ben Tre,29,25,0.1,81,65,Rain,7/16/2024
Ben Tre,29,25,4.1,88,58,Rain,7/17/2024
Ben Tre,32,25,10.3,85,55,Drizzle,7/18/2024
Ben Tre,25,24,28.8,95,82,Drizzle,7/19/2024
Ben Tre,30,24,9.4,87,54,Drizzle,7/20/2024
Ben Tre,31,24,5.1,85,59,Drizzle,7/21/2024
Ben Tre,31,25,6.5,83,46,Drizzle,7/22/2024
Ben Tre,31,25,6.7,83,46,Drizzle,7/23/2024
Ben Tre,31,25,10.3,83,41,Drizzle,7/24/2024
Ben Tre,26,25,12.7,91,70,Drizzle,7/25/2024
Ben Tre,30,24,3.5,87,51,Rain,7/26/2024
Ben Tre,30,25,3.3,86,49,Rain,7/27/2024
Ben Tre,32,25,2.6,81,34,Rain,7/28/2024
Ben Tre,31,26,6.2,82,22,Drizzle,7/29/2024
Ben Tre,31,26,8.0,84,34,Drizzle,7/30/2024
Ben Tre,32,26,4.3,81,26,Rain,7/31/2024
Ben Tre,33,26,7.7,80,24,Drizzle,8/1/2024
Ben Tre,32,26,6.9,81,40,Drizzle,8/2/2024
Ben Tre,32,26,9.6,83,30,Drizzle,8/3/2024
Ben Tre,31,26,6.6,84,38,Drizzle,8/4/2024
Ben Tre,30,26,11.2,87,71,Drizzle,8/5/2024
Ben Tre,32,26,7.0,83,35,Drizzle,8/6/2024
Ben Tre,34,26,2.0,78,40,Rain,8/7/2024
Ben Tre,35,26,10.4,80,27,Drizzle,8/8/2024
Ben Tre,34,26,13.5,82,22,Drizzle,8/9/2024
Ben Tre,35,26,3.0,78,28,Rain,8/10/2024
Ben Tre,33,26,9.7,81,19,Drizzle,8/11/2024
Ben Tre,36,26,7.5,78,33,Drizzle,8/12/2024
Ben Tre,34,26,15.5,80,28,Drizzle,8/13/2024
Ben Tre,34,26,13.0,80,35,Drizzle,8/14/2024
Ben Tre,33,26,11.9,82,37,Drizzle,8/15/2024
Ben Tre,30,25,21.4,87,68,Drizzle,8/16/2024
Ben Tre,29,25,9.0,88,66,Drizzle,8/17/2024
Ben Tre,28,25,12.9,91,82,Drizzle,8/18/2024
Ben Tre,30,24,7.6,84,52,Drizzle,8/19/2024
Ben Tre,30,25,12.8,85,36,Drizzle,8/20/2024
Ben Tre,33,25,7.0,80,48,Drizzle,8/21/2024
Ben Tre,31,26,22.4,84,63,Drizzle,8/22/2024
Ben Tre,29,25,27.8,90,68,Drizzle,8/23/2024
Ben Tre,31,25,8.8,86,59,Drizzle,8/24/2024
Ben Tre,31,25,11.0,86,43,Drizzle,8/25/2024
Ben Tre,27,25,6.7,92,78,Drizzle,8/26/2024
Ben Tre,28,24,8.1,92,67,Drizzle,8/27/2024
Ben Tre,31,25,8.8,86,32,Drizzle,8/28/2024
Ben Tre,31,25,7.5,84,23,Drizzle,8/29/2024
Ben Tre,33,26,11.2,81,25,Drizzle,8/30/2024
Ben Tre,33,25,8.1,82,56,Drizzle,8/31/2024
Ben Tre,34,26,0.8,78,38,Rain,9/1/2024
Ben Tre,34,26,6.4,78,51,Drizzle,9/2/2024
Ben Tre,35,26,1.1,76,34,Rain,9/3/2024
Ben Tre,34,26,7.1,80,26,Drizzle,9/4/2024
Ben Tre,34,26,2.4,79,34,Rain,9/5/2024
Ben Tre,34,27,6.8,79,21,Drizzle,9/6/2024
Ben Tre,35,27,4.9,77,29,Rain,9/7/2024
Ben Tre,36,27,0.1,74,26,Rain,9/8/2024
Ben Tre,35,27,0.3,72,34,Rain,9/9/2024
Ben Tre,36,27,0.8,69,19,Rain,9/10/2024
Ben Tre,34,27,8.1,76,31,Drizzle,9/11/2024
Ben Tre,35,26,0.7,72,32,Rain,9/12/2024
Ben Tre,34,27,10.5,76,28,Drizzle,9/13/2024
Ben Tre,32,26,8.4,81,37,Drizzle,9/14/2024
Ben Tre,31,26,11.0,85,38,Drizzle,9/15/2024
Ben Tre,30,26,11.0,84,35,Drizzle,9/16/2024
Ben Tre,34,26,4.4,77,30,Rain,9/17/2024
Ben Tre,34,26,4.8,76,31,Rain,9/18/2024
Ben Tre,31,27,10.0,83,42,Drizzle,9/19/2024
Ben Tre,33,26,18.1,80,26,Drizzle,9/20/2024
Ben Tre,30,26,20.3,87,68,Drizzle,9/21/2024
Ben Tre,27,25,19.6,92,69,Drizzle,9/22/2024
Ben Tre,30,25,9.6,88,54,Drizzle,9/23/2024
Ben Tre,28,25,8.5,90,49,Drizzle,9/24/2024
Ben Tre,31,25,9.6,87,60,Drizzle,9/25/2024
Ben Tre,31,25,13.3,84,48,Drizzle,9/26/2024
Ben Tre,33,26,11.4,83,45,Drizzle,9/27/2024
Ben Tre,33,26,9.0,84,65,Drizzle,9/28/2024
Ben Tre,32,26,13.2,83,26,Drizzle,9/29/2024
Ben Tre,32,26,13.7,82,39,Drizzle,9/30/2024
Ben Tre,32,26,14.9,85,54,Drizzle,10/1/2024
Ben Tre,28,25,15.0,90,88,Drizzle,10/2/2024
Ben Tre,26,24,4.0,95,69,Rain,10/3/2024
Ben Tre,32,24,7.7,83,30,Drizzle,10/4/2024
Ben Tre,33,25,6.6,79,30,Drizzle,10/5/2024
Ben Tre,27,26,0.1,89,28,Rain,10/6/2024
Ben Tre,34,25,7.3,78,36,Drizzle,10/7/2024
Ben Tre,33,26,12.9,77,23,Drizzle,10/8/2024
Ben Tre,34,26,5.6,79,38,Drizzle,10/9/2024
Ben Tre,34,26,4.8,80,43,Rain,10/10/2024
Ben Tre,32,26,3.4,81,28,Rain,10/11/2024
Ben Tre,35,26,10.0,79,32,Drizzle,10/12/2024
Ben Tre,32,26,16.3,84,35,Drizzle,10/13/2024
Ben Tre,30,25,14.1,89,60,Drizzle,10/14/2024
Ben Tre,28,25,4.2,89,81,Rain,10/15/2024
Ben Tre,32,25,6.5,83,42,Drizzle,10/16/2024
Ben Tre,31,26,10.7,86,63,Drizzle,10/17/2024
Ben Tre,31,25,10.4,86,71,Drizzle,10/18/2024
Ben Tre,31,25,13.3,86,66,Drizzle,10/19/2024
Ben Tre,34,25,6.4,82,49,Drizzle,10/20/2024
Ben Tre,33,26,10.2,83,38,Drizzle,10/21/2024
Ben Tre,31,26,6.3,83,33,Drizzle,10/22/2024
Ben Tre,29,25,5.5,87,55,Drizzle,10/23/2024
Ben Tre,31,25,4.8,81,60,Rain,10/24/2024
Ben Tre,34,25,1.5,77,37,Rain,10/25/2024
Ben Tre,33,25,0.2,76,39,Rain,10/26/2024
Ben Tre,34,25,9.9,79,63,Drizzle,10/27/2024
Ben Tre,34,25,7.6,81,41,Drizzle,10/28/2024
Ben Tre,30,25,0.4,83,47,Rain,10/29/2024
Ben Tre,34,25,0.1,76,19,Rain,10/30/2024
Ben Tre,29,24,5.6,82,57,Drizzle,10/31/2024
Ben Tre,26,24,13.6,94,85,Drizzle,11/1/2024
Ben Tre,29,24,11.9,88,52,Drizzle,11/2/2024
Ben Tre,33,24,0.2,75,13,Rain,11/3/2024
Ben Tre,29,24,0.3,76,53,Rain,11/4/2024
Ben Tre,30,24,7.3,85,63,Drizzle,11/5/2024
Ben Tre,34,25,1.1,77,44,Rain,11/6/2024
Ben Tre,32,25,6.6,82,50,Drizzle,11/7/2024
Ben Tre,33,26,3.1,78,24,Rain,11/8/2024
Ben Tre,33,25,2.9,78,21,Rain,11/9/2024
Ben Tre,32,25,7.1,82,36,Drizzle,11/10/2024
Ben Tre,31,25,5.2,81,44,Drizzle,11/11/2024
Ben Tre,32,26,11.6,82,25,Drizzle,11/12/2024
Ben Tre,32,25,7.8,83,35,Drizzle,11/13/2024
Ben Tre,33,26,6.1,80,22,Drizzle,11/14/2024
Ben Tre,31,25,11.0,81,35,Drizzle,11/15/2024
Ben Tre,32,26,2.3,80,25,Rain,11/16/2024
Ben Tre,34,26,1.5,78,15,Rain,11/17/2024
Ben Tre,33,26,3.0,81,36,Rain,11/18/2024
Ben Tre,27,25,10.7,91,74,Drizzle,11/19/2024
Ben Tre,31,24,0.2,84,55,Rain,11/20/2024
Ben Tre,33,25,0.0,80,17,Sunny,11/21/2024
Ben Tre,33,26,0.1,75,16,Rain,11/22/2024
Ben Tre,33,27,0.0,76,17,Sunny,11/23/2024
Ben Tre,34,26,0.2,75,21,Rain,11/24/2024
Ben Tre,33,25,0.8,75,26,Rain,11/25/2024
Ben Tre,33,25,0.7,72,27,Rain,11/26/2024
Ben Tre,34,26,0.0,69,23,Sunny,11/27/2024
Ben Tre,32,26,0.9,74,34,Rain,11/28/2024
Ben Tre,28,24,5.4,86,59,Drizzle,11/29/2024
Ben Tre,33,25,0.0,72,10,Sunny,11/30/2024
Ben Tre,34,25,0.1,70,28,Rain,12/1/2024
Ben Tre,32,25,5.6,77,49,Drizzle,12/2/2024
Ben Tre,33,25,8.2,79,42,Drizzle,12/3/2024
Ben Tre,30,26,8.0,81,40,Drizzle,12/4/2024
Ben Tre,33,25,5.5,77,35,Drizzle,12/5/2024
Ben Tre,33,25,0.0,74,19,Sunny,12/6/2024
Ben Tre,34,25,1.8,75,20,Rain,12/7/2024
Ben Tre,30,25,0.0,78,35,Sunny,12/8/2024
Ben Tre,32,23,0.0,72,40,Sunny,12/9/2024
Ben Tre,33,24,0.0,73,15,Sunny,12/10/2024
Ben Tre,33,24,0.0,72,6,Sunny,12/11/2024
Ben Tre,31,24,0.7,79,37,Rain,12/12/2024
Ben Tre,31,24,2.4,82,49,Rain,12/13/2024
Ben Tre,33,24,3.8,82,37,Rain,12/14/2024
Ben Tre,34,24,2.7,79,33,Rain,12/15/2024
Ben Tre,32,24,5.0,78,30,Rain,12/16/2024
Ben Tre,32,23,0.2,70,26,Rain,12/17/2024
Ben Tre,31,21,0.1,61,5,Rain,12/18/2024
Ben Tre,30,20,0.0,60,50,Sunny,12/19/2024
Ben Tre,25,21,0.0,58,67,Sunny,12/20/2024
Ben Tre,26,20,0.9,72,80,Rain,12/21/2024
Ben Tre,32,22,3.1,72,69,Rain,12/22/2024
Ben Tre,34,24,0.0,73,24,Sunny,12/23/2024
Ben Tre,33,24,0.0,70,14,Sunny,12/24/2024
Ben Tre,21,20,20.8,80,73,Drizzle,12/25/2024
Ben Tre,29,22,9.0,84,59,Drizzle,12/26/2024
Ben Tre,28,24,11.2,84,46,Drizzle,12/27/2024
Ben Tre,32,24,2.7,78,36,Rain,12/28/2024
Ben Tre,32,25,0.0,74,34,Sunny,12/29/2024
Ben Tre,33,25,0.0,71,17,Sunny,12/30/2024
Ben Tre,32,24,0.0,65,11,Sunny,12/31/2024
Ben Tre,32,23,0.0,65,24,Sunny,1/1/2025
Ben Tre,33,23,0.0,68,8,Sunny,1/2/2025
Ben Tre,33,24,0.0,71,15,Sunny,1/3/2025
Ben Tre,35,24,0.0,73,25,Sunny,1/4/2025
Ben Tre,32,25,0.2,77,44,Rain,1/5/2025
Ben Tre,31,25,0.0,79,30,Sunny,1/6/2025
Ben Tre,33,25,0.2,77,31,Rain,1/7/2025
Ben Tre,33,26,0.2,75,29,Rain,1/8/2025
Ben Tre,33,25,0.0,77,23,Sunny,1/9/2025
Ben Tre,32,25,6.3,74,52,Drizzle,1/10/2025
Ben Tre,35,24,0.0,64,18,Sunny,1/11/2025
Ben Tre,33,23,0.0,61,16,Sunny,1/12/2025
Ben Tre,32,22,0.0,61,15,Sunny,1/13/2025
Ben Tre,32,23,0.0,64,62,Sunny,1/14/2025
Ben Tre,34,24,0.2,69,52,Rain,1/15/2025
Ben Tre,31,24,4.8,75,50,Rain,1/16/2025
Ben Tre,28,24,1.8,81,53,Rain,1/17/2025
Ben Tre,34,23,2.1,73,44,Rain,1/18/2025
Ben Tre,31,24,5.8,77,60,Drizzle,1/19/2025
Ben Tre,33,25,0.0,71,22,Sunny,1/20/2025
Ben Tre,34,25,6.9,72,40,Drizzle,1/21/2025
Ben Tre,32,25,9.6,80,62,Drizzle,1/22/2025
Ben Tre,32,24,0.8,76,42,Rain,1/23/2025
Ben Tre,32,25,6.7,74,42,Drizzle,1/24/2025
Ben Tre,33,25,0.3,71,29,Rain,1/25/2025
Ben Tre,33,24,2.7,72,30,Rain,1/26/2025
Ben Tre,33,25,2.7,72,30,Rain,1/27/2025
Ben Tre,32,25,4.4,78,52,Rain,1/28/2025
Ben Tre,33,25,0.5,75,43,Rain,1/29/2025
Ben Tre,34,25,1.4,75,43,Rain,1/30/2025
Ben Tre,33,25,1.8,71,33,Rain,1/31/2025
Ben Tre,34,25,0.4,66,29,Rain,2/1/2025
Ben Tre,32,24,0.0,65,36,Sunny,2/2/2025
Ben Tre,34,24,0.0,63,25,Sunny,2/3/2025
Ben Tre,34,24,0.0,59,6,Sunny,2/4/2025
Ben Tre,33,24,0.0,59,8,Sunny,2/5/2025
Ben Tre,32,22,0.0,58,10,Sunny,2/6/2025
Ben Tre,31,24,0.0,64,7,Sunny,2/7/2025
Ben Tre,32,22,0.0,65,8,Sunny,2/8/2025
Ben Tre,34,22,0.0,69,4,Sunny,2/9/2025
Ben Tre,31,22,0.0,74,31,Sunny,2/10/2025
Ben Tre,31,22,0.1,72,48,Rain,2/11/2025
Ben Tre,35,23,0.0,62,12,Sunny,2/12/2025
Ben Tre,34,23,0.0,59,22,Sunny,2/13/2025
Ben Tre,36,23,0.0,62,11,Sunny,2/14/2025
Ben Tre,36,23,0.0,67,15,Sunny,2/15/2025
Ben Tre,37,23,0.0,72,28,Sunny,2/16/2025
Ben Tre,33,24,0.0,70,19,Sunny,2/17/2025
Ben Tre,32,25,2.8,71,47,Rain,2/18/2025
Ben Tre,33,26,0.0,66,13,Sunny,2/19/2025
Ben Tre,34,25,0.0,64,13,Sunny,2/20/2025
Ben Tre,34,24,0.0,68,21,Sunny,2/21/2025
Ben Tre,35,25,0.0,64,24,Sunny,2/22/2025
Ben Tre,35,26,0.0,60,18,Sunny,2/23/2025
Ben Tre,36,26,0.0,56,3,Sunny,2/24/2025
Ben Tre,36,25,0.0,61,14,Sunny,2/25/2025
Ben Tre,36,25,0.0,58,9,Sunny,2/26/2025
Ben Tre,34,25,0.0,60,31,Sunny,2/27/2025
Ben Tre,36,26,0.0,61,34,Sunny,2/28/2025
Ben Tre,34,26,1.3,67,47,Rain,3/1/2025
Ben Tre,34,25,0.1,71,33,Rain,3/2/2025
Ben Tre,34,25,0.0,71,28,Sunny,3/3/2025
Ben Tre,36,25,0.0,68,22,Sunny,3/4/2025
Ben Tre,35,26,0.0,68,28,Sunny,3/5/2025
Ben Tre,36,25,0.0,66,14,Sunny,3/6/2025
Ben Tre,36,27,0.0,60,6,Sunny,3/7/2025
Ben Tre,36,26,0.0,60,10,Sunny,3/8/2025
Ben Tre,36,26,0.0,56,12,Sunny,3/9/2025
Ben Tre,36,26,0.0,54,17,Sunny,3/10/2025
Ben Tre,36,26,0.0,54,11,Sunny,3/11/2025
Ben Tre,37,25,0.0,56,14,Sunny,3/12/2025
Ben Tre,36,26,0.0,59,30,Sunny,3/13/2025
Ben Tre,34,25,0.0,68,34,Sunny,3/14/2025
Ben Tre,34,25,1.5,70,46,Rain,3/15/2025
Ben Tre,34,25,9.4,70,34,Drizzle,3/16/2025
Ben Tre,34,26,0.2,66,24,Rain,3/17/2025
Ben Tre,35,26,0.0,64,14,Sunny,3/18/2025
Ben Tre,36,26,0.0,67,25,Sunny,3/19/2025
Ben Tre,36,26,0.0,68,23,Sunny,3/20/2025
